time,open,high,low,close,Volume,Beta,Mkt cap,Total common shares outstanding
12/30/24,6.95,6.95,6.94,6.94,160484,0.080737322,4858000040,700000000
12/27/24,6.95,6.95,6.6,6.6,100581,0.066144344,4864999866,700000000
12/26/24,6.6,6.6,6.6,6.6,100745,0.064520413,4619999933,700000000
12/25/24,6.92,6.92,6.6,6.6,1,0.071789363,4619999933,700000000
12/24/24,6.92,6.92,6.6,6.6,1,0.071789363,4619999933,700000000
12/23/24,6.92,6.92,6.6,6.6,597,0.071789363,4619999933,700000000
12/20/24,6.92,6.92,6.6,6.6,325,0.058221412,4619999933,700000000
12/19/24,6.9,6.95,6.9,6.92,101014,0.063626591,4844000053,700000000
12/18/24,6.9,6.9,6.9,6.9,85,0.061944585,4830000067,700000000
12/17/24,6.9,6.9,6.9,6.9,70309,0.07442521,4830000067,700000000
12/16/24,6.9,6.9,6.9,6.9,308,0.074139873,4830000067,700000000
12/13/24,6.95,6.95,6.95,6.95,374,0.073057646,4864999866,700000000
12/12/24,6.95,6.95,6.95,6.95,130,0.068296153,4864999866,700000000
12/11/24,6.95,6.95,6.95,6.95,64360,0.06073515,4864999866,700000000
12/10/24,6.9,6.95,6.9,6.95,595,0.059368021,4864999866,700000000
12/9/24,6.9,6.95,6.9,6.95,845,0.05965633,4864999866,700000000
12/6/24,7,7,7,7,1,0.041857925,4900000000,700000000
12/5/24,7,7,7,7,61291,0.041857925,4900000000,700000000
12/4/24,7.2,7.2,7,7.15,2686,0.03941754,5025999880,700000000
12/3/24,7.2,7.2,7,7,60919,0.06085319,4900000000,700000000
12/2/24,7.3,7.3,7,7,458,0.073914444,4900000000,700000000
11/29/24,7.3,7.3,6.8,7,203131,0.080108297,4900000000,700000000
11/28/24,7.5,7.5,7.3,7.3,201459,0.074676135,5110000134,700000000
11/27/24,7.5,7.5,7.45,7.45,150128,0.056649344,5250000000,700000000
11/26/24,7.5,7.5,7.5,7.5,1238,0.090787852,5250000000,700000000
11/25/24,7.5,7.5,7.5,7.5,422,0.093420742,5250000000,700000000
11/22/24,7.5,7.5,7.5,7.5,123,0.124879818,5250000000,700000000
11/21/24,7.5,7.5,7.5,7.5,90372,0.149765935,5250000000,700000000
11/20/24,7.25,8.3,7.25,7.7,2031,0.148969368,5704999733,700000000
11/19/24,6.4,7.5,6.4,7.25,1636,0.158549304,5075000000,700000000
11/18/24,6.9,6.9,6.85,6.85,1,0.157814343,4794999933,700000000
11/15/24,6.9,6.9,6.85,6.85,79,0.157814343,4794999933,700000000
11/14/24,6.85,6.85,6.7,6.85,624,0.157955053,4794999933,700000000
11/13/24,6.85,6.85,6.85,6.85,304,0.300084082,4794999933,700000000
11/12/24,6.95,6.95,6.75,6.85,50383,0.296221928,4794999933,700000000
11/11/24,6.99,6.99,6.35,6.5,3687,0.244836385,4550000000,700000000
11/8/24,7,7,6.98,7,518,0.252168487,4892999840,700000000
11/7/24,7,7,7,7,66452,0.251891124,4900000000,700000000
11/6/24,7.3,7.3,7,7,1145,0.254530427,4900000000,700000000
11/5/24,8,8,7.35,7.35,5406,0.245559625,5166000080,700000000
11/4/24,7.4,7.4,7.25,7.25,1,0.248650932,5144999933,700000000
11/1/24,7.4,7.4,7.25,7.25,223,0.248650932,5144999933,700000000
10/31/24,7.24,7.4,7.24,7.4,390,0.248741997,5075000000,700000000
10/30/24,7.24,7.24,6.2,6.2,6128,0.225653844,4339999866,700000000
10/29/24,7.24,7.24,7.2,7.2,230,0.230556491,5039999866,700000000
10/28/24,7.25,7.25,7.25,7.25,161,0.221112285,5075000000,700000000
10/25/24,7.25,7.25,7,7,322,0.221162219,4900000000,700000000
10/24/24,7.25,7.25,7,7,1272,0.22227595,4900000000,700000000
10/23/24,7.25,7.25,7.25,7.25,126,0.223677098,5075000000,700000000
10/22/24,7.25,7.25,7.25,7.25,392,0.22338467,5075000000,700000000
10/21/24,7,7,6,7,100742,0.224842936,4900000000,700000000
10/18/24,7.5,7.5,7,7,1169,0.22587845,4900000000,700000000
10/17/24,7.5,7.5,7.5,7.5,80184,0.236177754,5250000000,700000000
10/16/24,7,7,7,7,100143,0.233648106,4900000000,700000000
10/15/24,8,8,7,7,234,0.23296161,4900000000,700000000
10/14/24,7.01,7.01,7,7,811,0.23353889,4900000000,700000000
10/11/24,7,7,7,7,253,0.232403467,4900000000,700000000
10/10/24,7.5,7.5,7,7,381,0.23458959,4900000000,700000000
10/9/24,6.99,7,6.99,7,778,0.234131685,4900000000,700000000
10/8/24,6.99,6.99,6.9,6.9,703,0.230602505,4830000067,700000000
10/7/24,6.9,6.9,6.9,6.9,454,0.230418705,4830000067,700000000
10/4/24,7,7,6.9,6.9,1168,0.232091089,4830000067,700000000
10/3/24,7,7,6.9,6.9,30413,0.232142528,4830000067,700000000
10/2/24,6,7,6,6.01,1345,0.2410514,4864999866,700000000
10/1/24,7.2,7.2,7,7,721,0.224506452,4900000000,700000000
9/30/24,7.25,7.25,7.25,7.25,1135,0.22005999,5075000000,700000000
9/27/24,7.4,7.4,7.3,7.3,440407,0.217326684,5110000134,700000000
9/26/24,7.5,7.5,7.4,7.4,80523,0.211854401,5180000067,700000000
9/25/24,7.5,7.5,7,7,30176,0.214964619,5250000000,700000000
9/24/24,7.5,7.5,7.5,7.5,681,0.207539983,5250000000,700000000
9/23/24,7.5,7.5,7.5,7.5,376,0.213879145,5250000000,700000000
9/20/24,8,8,7.8,7.8,7606,0.211968064,5460000134,700000000
9/19/24,8,8,8,8,645,0.211116215,5600000000,700000000
9/18/24,8,8,8,8,122,0.212765756,5600000000,700000000
9/17/24,8,8,7.9,8,4212,0.211290666,5600000000,700000000
9/16/24,8,8,8,8,1,0.212187062,5600000000,700000000
9/13/24,8,8,8,8,837,0.212187062,5600000000,700000000
9/12/24,8,8,8,8,36,0.211206482,5600000000,700000000
9/11/24,8,8,8,8,5025,0.211235973,5600000000,700000000
9/10/24,8,8,8,8,112,0.207829091,5600000000,700000000
9/9/24,7.5,7.5,7.5,7.5,651,0.200272194,5250000000,700000000
9/6/24,7.5,7.5,7.5,7.5,247,0.194167728,5250000000,700000000
9/5/24,8,8,7.5,8,5047,0.192500102,5250000000,700000000
9/4/24,8,8,7.45,7.5,11359,0.199099761,5250000000,700000000
9/3/24,8,8,7.44,7.44,706,0.198777727,5208000040,700000000
9/2/24,8,8,7,7.5,876,0.199428261,5250000000,700000000
8/30/24,7.5,7.5,7,7.5,1,0.194828351,5250000000,700000000
8/29/24,7.5,7.5,7,7.5,282,0.194828351,5250000000,700000000
8/28/24,7.5,7.5,7.5,7.5,100457,0.207257117,5250000000,700000000
8/27/24,7.9,7.9,7.5,7.5,818,0.206937373,5250000000,700000000
8/26/24,8.3,8.3,8,8,393,0.20271631,5600000000,700000000
8/23/24,8,8,8,8,6225,0.202492134,5600000000,700000000
8/22/24,7.35,8,7.35,8,159,0.192789872,5600000000,700000000
8/21/24,8,8,7.35,8,10824,0.182959496,5600000000,700000000
8/20/24,7.3,7.3,7.3,7.3,1331,0.154201426,5110000134,700000000
8/19/24,7.3,7.3,7.05,7.05,1,0.155085416,4935000134,700000000
8/16/24,7.3,7.3,7.05,7.05,270,0.155085416,4935000134,700000000
8/15/24,6.8,6.8,6.8,6.8,390,0.146289628,4760000134,700000000
8/14/24,7,7,6.8,6.8,340,0.148214567,4760000134,700000000
8/13/24,7.3,7.3,7,7,339,0.145409337,4900000000,700000000
8/12/24,7.1,7.3,6.5,7,8936,0.145463197,4900000000,700000000
8/9/24,7.3,7.3,7.1,7.1,1424,0.143517763,4969999933,700000000
8/8/24,7.5,7.5,7.35,7.35,557,0.134982574,5144999933,700000000
8/7/24,7.5,7.5,7.48,7.48,770,0.131826827,5236000013,700000000
8/6/24,7.5,7.5,7.45,7.5,198,0.130947933,5250000000,700000000
8/5/24,8.5,8.5,6.35,7.9,2693,0.127125372,4444999933,700000000
8/2/24,8,8,7.9,7.9,440,0.127025708,5530000067,700000000
8/1/24,6.9,7,6.9,7,70,0.11947772,4830000067,700000000
7/31/24,6.9,6.9,6.9,6.9,187,0.117782688,4830000067,700000000
7/30/24,6.9,6.9,6.9,6.9,1,0.119265039,4830000067,700000000
7/29/24,6.9,6.9,6.9,6.9,22,0.119265039,4830000067,700000000
7/26/24,6.8,6.9,6.8,6.9,721,0.118107283,4830000067,700000000
7/25/24,7,7,6.5,6.8,374,0.116550293,4760000134,700000000
7/24/24,7,7,6.5,6.5,1,0.114259928,4550000000,700000000
7/23/24,7,7,6.5,6.5,949,0.114259928,4550000000,700000000
7/22/24,7,7,7,7,788,0.099012546,4900000000,700000000
7/19/24,6.7,6.7,6.7,6.7,239,0.099946635,4689999866,700000000
7/18/24,6.85,6.85,6.7,6.7,793,0.102537958,4689999866,700000000
7/17/24,6.85,6.85,6.85,6.85,392,0.097380628,4794999933,700000000
7/16/24,7,7,6.65,6.7,190,0.099192198,4689999866,700000000
7/15/24,6.8,6.8,6.8,6.8,235,0.077311579,4760000134,700000000
7/12/24,6.3,6.5,6,6.5,2179,0.059080822,4550000000,700000000
7/11/24,6.99,7,6.98,7,859,0.056306464,4900000000,700000000
7/10/24,6.3,7,6.3,7,449,0.029411932,4900000000,700000000
7/9/24,7,7,6.3,6.48,203,0.030561664,4410000134,700000000
7/8/24,6,6.5,6,6.3,2899,0.032332661,4410000134,700000000
7/5/24,6.5,6.51,5.88,5.88,1,0.03262589,4116000080,700000000
7/4/24,6.5,6.51,5.88,5.88,3631,0.03262589,4116000080,700000000
7/3/24,6.5,6.5,5.88,6.5,3241,0.02733523,4550000000,700000000
7/2/24,5.88,5.88,5.88,5.88,677,0.003712383,4116000080,700000000
7/1/24,6.3,6.3,5.87,5.88,972,0.010418846,4116000080,700000000
6/28/24,6,6.5,5.88,5.88,1338,0.01183182,4116000080,700000000
6/27/24,5.88,5.88,5.88,5.88,365,0.026277389,4116000080,700000000
6/26/24,5.88,5.88,5.88,5.88,230,0.009220345,4116000080,700000000
6/25/24,6,6,6,6,312,0.026594988,4200000000,700000000
6/24/24,6,6,6,6,1,0.021401992,4200000000,700000000
6/21/24,6,6,6,6,354,0.021401992,4200000000,700000000
6/20/24,6.25,6.25,6,6,357,0.037318252,4200000000,700000000
6/19/24,6,6,4.9,6,1163,0.039221263,4200000000,700000000
6/18/24,6.25,6.25,6,6,947,0.039567366,4200000000,700000000
6/17/24,5.8,5.8,5.75,5.8,1,0.02735426,4060000134,700000000
6/14/24,5.8,5.8,5.75,5.8,631,0.02735426,4060000134,700000000
6/13/24,6.25,6.25,4.75,5.8,594,0.024924298,4060000134,700000000
6/12/24,6,6,5.8,5.8,611,0.014212716,4060000134,700000000
6/11/24,6.25,6.25,5.99,5.99,1124,0.022320467,4200000000,700000000
6/10/24,6,6,5.5,5.8,607,0.025230925,4060000134,700000000
6/7/24,6.5,6.5,6.39,6.39,1328,0.041769156,4472999907,700000000
6/6/24,6.4,6.4,6.4,6.4,202,0.04112294,4480000067,700000000
6/5/24,6.5,6.5,6.4,6.4,299,0.038457257,4480000067,700000000
6/4/24,6.4,6.5,6.4,6.4,1698,-0.257212655,4480000067,700000000
6/3/24,6.35,6.4,6.35,6.4,1,-0.257219236,4480000067,700000000
5/31/24,6.35,6.4,6.35,6.4,263,-0.257219236,4480000067,700000000
5/30/24,6.35,6.4,6.35,6.4,1893,-0.257220994,4444999933,700000000
5/29/24,6.35,6.35,6.35,6.35,287,-0.256907539,4444999933,700000000
5/28/24,5.8,6.35,5.8,6.35,765,-0.256909696,4444999933,700000000
5/27/24,5.75,5.8,5.75,5.8,1296,-0.25675106,4060000134,700000000
5/24/24,6.5,6.5,5.3,5.3,170,-0.256676442,3710000134,700000000
5/23/24,6.48,6.48,6.47,6.47,263,-0.256696565,4528999853,700000000
5/22/24,6.48,6.48,6.48,6.48,740,-0.256684212,4536000013,700000000
5/21/24,6.5,6.5,6.48,6.48,192,-0.256676161,4536000013,700000000
5/20/24,6.5,6.5,6.5,6.5,328,-0.256667337,4550000000,700000000
5/17/24,6.5,6.5,6.5,6.5,244,-0.256563785,4550000000,700000000
5/16/24,6.8,6.8,6.5,6.5,72,-0.256557492,4550000000,700000000
5/15/24,6.5,6.5,6.5,6.5,448,-0.256755504,4550000000,700000000
5/14/24,6.25,6.5,6.2,6.5,220,-0.256752516,4550000000,700000000
5/13/24,6.9,6.9,6.15,6.15,1,-0.256525627,4305000067,700000000
5/10/24,6.9,6.9,6.15,6.15,442,-0.256525627,4305000067,700000000
5/9/24,7,7,7,7,70,-0.256781315,4900000000,700000000
5/8/24,7,7,7,7,198,-0.256496752,4900000000,700000000
5/7/24,6.85,6.85,6.85,6.85,221,-0.256302003,4794999933,700000000
5/6/24,6.9,6.9,6.85,6.9,1174,-0.256278142,4830000067,700000000
5/3/24,6.95,6.95,6,6.95,519,-0.256348417,4794999933,700000000
5/2/24,7,7,6.85,6.85,1291,-0.256255541,4794999933,700000000
5/1/24,7,7,6.1,7,1,-0.2561808,4900000000,700000000
4/30/24,7,7,6.1,7,655,-0.2561808,4900000000,700000000
4/29/24,7.12,7.12,7,7,96,-0.256173048,4900000000,700000000
4/26/24,7.13,7.14,7.12,7.12,354,-0.256219602,4983999920,700000000
4/25/24,7.19,7.19,7.13,7.13,673,-0.255445781,4991000080,700000000
4/24/24,7.1,7.19,7.1,7.1,433,-0.255433888,4969999933,700000000
4/23/24,7.19,7.19,7.19,7.19,360,-0.255445058,5033000040,700000000
4/22/24,7.2,7.2,7.05,7.2,2755,-0.25547387,5039999866,700000000
4/19/24,7.19,7.19,7.15,7.15,1,-0.255484543,5005000067,700000000
4/18/24,7.19,7.19,7.15,7.15,743,-0.255484543,5005000067,700000000
4/17/24,7.2,7.2,7.2,7.2,105,-0.255435975,5039999866,700000000
4/16/24,7.2,7.2,7.2,7.2,202,-0.25547301,5039999866,700000000
4/15/24,7.15,7.2,7.15,7.2,60,-0.2554398,5005000067,700000000
4/12/24,7.8,7.8,7.2,7.2,652,-0.255434891,5039999866,700000000
4/11/24,8,8,7.2,7.2,161,-0.25544011,5039999866,700000000
4/10/24,7.8,7.8,7.2,7.2,550,-0.255497277,5039999866,700000000
4/9/24,8.25,8.3,7.2,7.3,852,-0.255341752,5039999866,700000000
4/8/24,7.2,7.2,7.2,7.2,440,-0.255311928,5039999866,700000000
4/5/24,7.5,7.5,7.5,7.5,26,-0.255395469,5039999866,700000000
4/4/24,7.2,7.2,7.2,7.2,62,-0.255334553,5039999866,700000000
4/3/24,7.9,7.9,7.2,7.2,1,-0.255308546,5039999866,700000000
4/2/24,7.9,7.9,7.2,7.2,1910,-0.255308546,5039999866,700000000
4/1/24,8.5,8.9,7.2,7.2,1067,-0.255316617,5039999866,700000000
3/29/24,8.9,8.9,8.9,8.9,1,-0.255000628,6229999733,700000000
3/28/24,8.9,8.9,8.9,8.9,1,-0.255000628,6229999733,700000000
3/27/24,8.9,8.9,8.9,8.9,25,-0.255000628,6229999733,700000000
3/26/24,8.8,8.9,7.9,8.9,1074,-0.255002808,6229999733,700000000
3/25/24,8.9,8.9,7.9,7.9,541,-0.255415969,5530000067,700000000
3/22/24,8.9,8.9,7.5,7.5,149,-0.255180355,5250000000,700000000
3/21/24,7.5,7.5,7.5,7.5,435,-0.255149141,5250000000,700000000
3/20/24,7.5,7.5,7.5,7.5,10,-0.255140546,5250000000,700000000
3/19/24,7.5,7.5,7.5,7.5,1,-0.255169997,5250000000,700000000
3/18/24,7.5,7.5,7.5,7.5,74,-0.255169997,5250000000,700000000
3/15/24,7.15,7.5,7.1,7.5,198,-0.2551626,5250000000,700000000
3/14/24,7.3,7.3,7.3,7.3,9,-0.255128057,5250000000,700000000
3/13/24,7.3,7.3,7.3,7.3,117,-0.255145169,5250000000,700000000
3/12/24,8.9,8.9,7.5,7.5,178,-0.255134161,5250000000,700000000
3/11/24,8.1,8.1,7.5,7.5,1,-0.254812242,5250000000,700000000
3/8/24,8.1,8.1,7.5,7.5,328,-0.254812242,5250000000,700000000
3/7/24,7.4,7.4,7.4,7.4,135,-0.254646352,5180000067,700000000
3/6/24,7.4,7.4,7.35,7.35,184,-0.254633882,5180000067,700000000
3/5/24,7.3,7.3,7.3,7.3,34,-0.254580675,4900000000,700000000
3/4/24,8.15,8.15,7,7,290,-0.254501916,4900000000,700000000
3/1/24,8.3,8.3,8.3,8.3,235,-0.254729337,5866000080,700000000
2/29/24,8.38,8.38,8.38,8.38,66,-0.25484504,5866000080,700000000
2/28/24,8.4,8.4,8.4,8.4,113,-0.255223409,5879999733,700000000
2/27/24,8.5,8.5,8.4,8.4,272,-0.254415752,5879999733,700000000
2/26/24,8.5,8.5,8.5,8.5,344,-0.254466944,5935999680,700000000
2/23/24,8.48,8.48,8.48,8.48,161,-0.254411563,5935999680,700000000
2/22/24,8.69,8.69,8.5,8.5,70,-0.254801195,5950000000,700000000
2/21/24,8.8,8.8,8.5,8.5,877,-0.254757854,5950000000,700000000
2/20/24,8.9,8.9,8.69,8.69,305,-0.254824203,6082999706,700000000
2/19/24,8.9,8.9,8.8,8.8,45,-0.254861421,6300000000,700000000
2/16/24,9.9,9.9,9,9,16,-0.254878947,6300000000,700000000
2/15/24,9,9,9,9,41,-0.255010759,6300000000,700000000
2/14/24,9.9,9.9,9,9,249,-0.254971176,6300000000,700000000
2/13/24,8.9,9.9,8.7,8.7,1,-0.254902698,6300000000,700000000
2/12/24,8.9,9.9,8.7,8.7,1,-0.254902698,6300000000,700000000
2/9/24,8.9,9.9,8.7,8.7,72,-0.254902698,6300000000,700000000
2/8/24,8.49,8.7,8.49,8.7,202,-0.254842685,6089999866,700000000
2/7/24,8.49,8.49,8.49,8.49,243,-0.254777463,5942999840,700000000
2/6/24,8.5,8.5,8.49,8.49,126,-0.254774918,5942999840,700000000
2/5/24,8.88,8.88,8.88,8.88,440,-0.254858568,6216000080,700000000
2/2/24,8.9,8.9,8.9,8.9,44,-0.254885487,6229999733,700000000
2/1/24,8.9,8.9,8.88,8.88,164,-0.25488625,6229999733,700000000
1/31/24,8.9,8.9,8.88,8.88,77,-0.255010403,6216000080,700000000
1/30/24,8.99,8.99,8.85,8.95,63,-0.255034051,6264999866,700000000
1/29/24,8.85,8.85,8.85,8.85,10,-0.255037174,6292999840,700000000
1/26/24,9,9,8.99,8.99,77,-0.254837219,6292999840,700000000
1/25/24,9,9,8.9,8.9,57,-0.254823992,6229999733,700000000
1/24/24,9,9,8.89,8.9,480,-0.254471997,6229999733,700000000
1/23/24,9,9,8.99,8.99,235,-0.253820594,6292999840,700000000
1/22/24,9,9,9,9,296,-0.253808813,6300000000,700000000
1/19/24,10.45,10.45,8.92,9.6,293,-0.253863506,6720000267,700000000
1/18/24,9,9,8.92,8.92,406,-0.253994307,6244000053,700000000
1/17/24,8.9,8.9,8.85,8.9,581,-0.254003177,6229999733,700000000
1/16/24,7.9,7.9,7,7.5,175,-0.253754309,5250000000,700000000
1/15/24,6.95,6.95,5.9,5.9,461,-0.253365086,4655000067,700000000
1/12/24,6.5,6.5,6.5,6.5,44,-0.253413414,4060000134,700000000
1/11/24,6.5,6.9,5.8,5.8,379,-0.253544308,4060000134,700000000
1/10/24,5.95,5.95,5.95,5.95,250,-0.253598085,4164999866,700000000
1/9/24,4.99,5.69,4.99,5.69,170,-0.253553011,3983000040,700000000
1/8/24,5.95,5.95,5.95,5.95,17,-0.253626048,3492999840,700000000
1/5/24,5.95,5.95,5,5,36,-0.253306783,3492999840,700000000
1/4/24,5,5.05,4.9,4.99,1,-0.253305606,3492999840,700000000
1/3/24,5,5.05,4.9,4.99,335,-0.253305606,3492999840,700000000
1/2/24,4.9,4.9,4.9,4.9,65,-0.253300153,3430000067,700000000
1/1/24,4.9,4.9,4.9,4.9,1,-0.253271135,3430000067,700000000
12/29/23,4.9,4.9,4.9,4.9,154,-0.253271135,3430000067,700000000
12/28/23,4.25,4.9,4.25,4.9,552,-0.248814557,2975000000,700000000
12/27/23,4.25,4.25,4.25,4.25,238,-0.248802797,2975000000,700000000
12/26/23,4.24,4.25,4.24,4.25,268,-0.248808051,2967999840,700000000
12/25/23,4,4,4,4,1,-0.248782024,2590000033,700000000
12/22/23,4,4,4,4,80,-0.248782024,2590000033,700000000
12/21/23,3.7,3.7,3.7,3.7,131,-0.248739399,2590000033,700000000
12/20/23,3.38,3.38,3.38,3.38,29,-0.248642834,2366000080,700000000
12/19/23,3.38,3.38,3.38,3.38,1742,-0.248637779,2366000080,700000000
12/18/23,3.4,3.4,3.38,3.38,319,-0.248646477,2366000080,700000000
12/15/23,3.4,3.9,3.4,3.9,370,-0.248833648,2380000067,700000000
12/14/23,3.5,3.5,3.4,3.43,627,-0.248647915,2401000047,700000000
12/13/23,3.65,3.65,3.45,3.45,4684,-0.248684063,2450000000,700000000
12/12/23,3.62,3.62,3.5,3.5,178,-0.248776673,2533999920,700000000
12/11/23,3.5,3.69,3.5,3.65,1,-0.248152564,2555000067,700000000
12/8/23,3.5,3.69,3.5,3.65,896,-0.248152564,2555000067,700000000
12/7/23,3.29,3.69,3.29,3.69,782,-0.248822719,2450000000,700000000
12/6/23,3.29,3.29,3.29,3.29,81,-0.248633451,2302999973,700000000
12/5/23,3.29,3.29,3.2,3.29,658,-0.248641989,2302999973,700000000
12/4/23,3.29,3.29,3.15,3.15,595,-0.248596504,2205000067,700000000
12/1/23,2.75,2.95,2.75,2.95,1145,-0.248742732,2065000033,700000000
11/30/23,2.7,2.75,2.5,2.5,410,-0.248287575,1750000000,700000000
11/29/23,2.75,2.75,2.75,2.75,135,-0.24838484,1623999953,700000000
11/28/23,2.45,2.45,2.32,2.32,2170,-0.248294822,1623999953,700000000
11/27/23,2.3,2.5,2.3,2.45,710,-0.248172871,1715000033,700000000
11/24/23,2.3,2.59,2.3,2.3,574,-0.248408917,1609999967,700000000
11/23/23,2.29,2.29,2.29,2.29,780,-0.248395621,1602999973,700000000
11/22/23,1.95,1.95,1.95,1.95,100,-0.247968234,1393000007,700000000
11/21/23,1.99,1.99,1.99,1.99,4070,-0.247956615,1393000007,700000000
11/20/23,1.9,1.99,1.9,1.99,1120,-0.248353154,1393000007,700000000
11/17/23,1.9,1.9,1.7,1.9,245,-0.24829052,1329999983,700000000
11/16/23,1.7,1.7,1.7,1.7,4246,-0.24805108,1190000033,700000000
11/15/23,1.7,1.7,1.6,1.6,315,-0.248001022,1190000033,700000000
11/14/23,1.7,1.7,1.7,1.7,1350,-0.247972637,1190000033,700000000
11/13/23,1.6,1.6,1.6,1.6,110,-0.247910454,1043000007,700000000
11/10/23,1.5,1.5,1.49,1.49,221,-0.247964685,1043000007,700000000
11/9/23,1.49,1.49,1.49,1.49,3299,-0.247992953,1043000007,700000000
11/8/23,1.49,1.49,1.25,1.25,405,-0.247684027,1043000007,700000000
11/7/23,1.49,1.49,1.49,1.49,548,-0.247948083,1043000007,700000000
11/6/23,1.39,1.39,1.35,1.35,1,-0.247818273,945000017,700000000
11/3/23,1.39,1.39,1.35,1.35,1,-0.247818273,945000017,700000000
11/2/23,1.39,1.39,1.35,1.35,560,-0.247818273,945000017,700000000
11/1/23,1.4,1.4,1.2,1.2,612,-0.247885916,840000033,700000000
10/31/23,1.47,1.47,1.47,1.47,300,-0.247870098,1029000020,700000000
10/30/23,1.5,1.5,1.47,1.47,1,-0.247792001,1050000000,700000000
10/27/23,1.5,1.5,1.47,1.47,1,-0.247792001,1050000000,700000000
10/26/23,1.5,1.5,1.47,1.47,110,-0.247792001,1050000000,700000000
10/25/23,1.5,1.5,1.5,1.5,1100,-0.247796431,1050000000,700000000
10/24/23,1.4,1.55,1.4,1.5,953,-0.247083749,1050000000,700000000
10/23/23,1.4,1.5,1.4,1.5,213,-0.247052715,909999967,700000000
10/20/23,1.49,1.49,1.3,1.3,620,-0.242469145,909999967,700000000
10/19/23,1.3,1.3,1.3,1.3,534,-0.242353274,909999967,700000000
10/18/23,1.34,1.34,1.34,1.34,210,-0.242233843,181999993,700000000
10/17/23,1.29,1.29,1.29,1.29,1,-0.242380706,181999993,700000000
10/16/23,1.29,1.29,1.29,1.29,1,-0.242380706,181999993,700000000
10/13/23,1.29,1.29,1.29,1.29,671,-0.242380706,181999993,700000000
10/12/23,1.29,1.29,1.2,1.29,1,-0.242381139,184100008,700000000
10/11/23,1.29,1.29,1.2,1.29,447,-0.242381139,184100008,700000000
10/10/23,1.29,1.29,1,1,200,-0.242104856,164500000,700000000
10/9/23,1.22,1.22,1.22,1.22,243,-0.242077029,184799999,700000000
10/6/23,1.25,1.25,1.25,1.25,90,-0.24210175,185499990,700000000
10/5/23,1.25,1.25,1.25,1.25,1,-0.242108516,192500004,700000000
10/4/23,1.25,1.25,1.25,1.25,100,-0.242108516,192500004,700000000
10/3/23,1.25,1.25,1.25,1.25,106,-0.242049927,196000001,700000000
10/2/23,1.2,1.2,1.2,1.2,1,-0.242092289,181300002,700000000
9/29/23,1.2,1.2,1.2,1.2,906,-0.242092289,181300002,700000000
9/28/23,1.2,1.2,1.2,1.2,1212,-0.242109595,181300002,700000000
9/27/23,1.2,1.2,1.2,1.2,2340,-0.242100112,187600005,700000000
9/26/23,1.2,1.2,1.2,1.2,27,-0.242503332,189000008,700000000
9/25/23,1.2,1.2,1.2,1.2,1,-0.242877286,192500004,700000000
9/22/23,1.2,1.2,1.2,1.2,252,-0.242877286,192500004,700000000
9/21/23,1.2,1.2,1.2,1.2,1010,-0.24308393,192500004,700000000
9/20/23,1.2,1.2,1.2,1.2,57,-0.243094469,205800000,700000000
9/19/23,1.29,1.29,1.21,1.21,282,-0.243110613,181999993,700000000
9/18/23,1.2,1.2,1.2,1.2,300,-0.241523997,178499997,700000000
9/15/23,1.2,1.2,1.2,1.2,181,-0.241401286,178499997,700000000
9/14/23,1.2,1.2,1.1,1.2,901,-0.237203971,178499997,700000000
9/13/23,1.2,1.24,1.2,1.2,292,-0.236494228,840000033,700000000
9/12/23,1.24,1.24,1.24,1.24,323,-0.236611461,868000007,700000000
9/11/23,1.25,1.25,1.25,1.25,1,-0.236473698,875000000,700000000
9/8/23,1.25,1.25,1.25,1.25,199,-0.236473698,875000000,700000000
9/7/23,1.2,1.39,1.2,1.25,1647,-0.235498253,875000000,700000000
9/6/23,1.18,1.2,1.18,1.2,672,-0.235532594,840000033,700000000
9/5/23,1.2,1.2,1.18,1.18,436,-0.235518893,825999963,700000000
9/4/23,1.25,1.25,1.2,1.2,368,-0.235538788,840000033,700000000
9/1/23,1.29,1.29,1.2,1.2,236,-0.235134129,840000033,700000000
8/31/23,1.25,1.25,1.2,1.2,619,-0.234951842,840000033,700000000
8/30/23,1.29,1.29,1.29,1.29,160,-0.23500673,902999973,700000000
8/29/23,1.2,1.2,1.2,1.2,1,-0.234933665,840000033,700000000
8/28/23,1.2,1.2,1.2,1.2,22,-0.234933665,840000033,700000000
8/25/23,1.15,1.22,1.02,1.22,1300,-0.234944901,854000020,700000000
8/24/23,1,1.25,1,1.25,650,-0.234804117,875000000,700000000
8/23/23,1.2,1.2,1.2,1.2,100,-0.234988444,840000033,700000000
8/22/23,1.29,1.29,1.29,1.29,112,-0.235081635,902999973,700000000
8/21/23,1.39,1.39,1.39,1.39,220,-0.235211833,972999990,700000000
8/18/23,1.39,1.39,1.39,1.39,515,-0.23523026,972999990,700000000
8/17/23,1.39,1.39,1.39,1.39,10,-0.235218231,972999990,700000000
8/16/23,1.35,1.35,1.35,1.35,176,-0.235191374,945000017,700000000
8/15/23,1.37,1.37,1.37,1.37,30,-0.235206827,959000003,700000000
8/14/23,1.39,1.39,1.39,1.39,1,-0.235231455,972999990,700000000
8/11/23,1.39,1.39,1.39,1.39,1,-0.235231455,972999990,700000000
8/10/23,1.39,1.39,1.39,1.39,73,-0.235231455,972999990,700000000
8/9/23,1.3,1.36,1.3,1.36,100,-0.235172246,952000010,700000000
8/8/23,1.36,1.36,1.36,1.36,210,-0.235144234,952000010,700000000
8/7/23,1.37,1.37,1.37,1.37,791,-0.23512545,959000003,700000000
8/4/23,1.34,1.34,1.34,1.34,1,-0.23517149,938000023,700000000
8/3/23,1.34,1.34,1.34,1.34,100,-0.23517149,938000023,700000000
8/2/23,1.37,1.37,1.37,1.37,184,-0.23515933,959000003,700000000
8/1/23,1.38,1.38,1.37,1.37,286,-0.235164594,959000003,700000000
7/31/23,1.39,1.39,1.38,1.38,348,-0.235235649,965999997,700000000
7/28/23,1.39,1.39,1.39,1.39,175,-0.235281053,972999990,700000000
7/27/23,1.39,1.39,1.39,1.39,129,-0.235240547,972999990,700000000
7/26/23,1.29,1.29,1.29,1.29,226,-0.235094961,902999973,700000000
7/25/23,1.39,1.39,1.39,1.39,310,-0.235285961,972999990,700000000
7/24/23,1.39,1.39,1.39,1.39,1,-0.235236719,972999990,700000000
7/21/23,1.39,1.39,1.39,1.39,140,-0.235236719,972999990,700000000
7/20/23,1.39,1.39,1.39,1.39,10,-0.235239405,972999990,700000000
7/19/23,1.39,1.39,1.39,1.39,224,-0.235339492,972999990,700000000
7/18/23,1.42,1.42,1.2,1.2,1415,-0.235065588,840000033,700000000
7/17/23,1.44,1.44,1.43,1.43,523,-0.235119458,1000999963,700000000
7/14/23,1.4,1.44,1.4,1.44,1,-0.235081339,1008000040,700000000
7/13/23,1.4,1.44,1.4,1.44,1,-0.235081339,1008000040,700000000
7/12/23,1.4,1.44,1.4,1.44,200,-0.235081339,1008000040,700000000
7/11/23,1.18,1.4,1.18,1.4,235,-0.235052503,979999983,700000000
7/10/23,1.44,1.44,1.19,1.19,9620,-0.234788444,833000040,700000000
7/7/23,1.38,1.38,1.38,1.38,325,-0.234765442,965999997,700000000
7/6/23,1.44,1.44,1.44,1.44,66,-0.234825058,1008000040,700000000
7/5/23,1.44,1.44,1.44,1.44,1,-0.234863202,1008000040,700000000
7/4/23,1.44,1.44,1.44,1.44,211,-0.234863202,1008000040,700000000
7/3/23,1.45,1.45,1.45,1.45,1,-0.235026439,1015000033,700000000
6/30/23,1.45,1.45,1.45,1.45,450,-0.235026439,1015000033,700000000
6/29/23,1.49,1.49,1.49,1.49,160,-0.235124492,1043000007,700000000
6/28/23,1.49,1.49,1.49,1.49,230,-0.235116655,1043000007,700000000
6/27/23,1.49,1.49,1.49,1.49,110,-0.23514667,1043000007,700000000
6/26/23,1.49,1.49,1.49,1.49,172,-0.235487786,1043000007,700000000
6/23/23,1.49,1.49,1.49,1.49,70,-0.23564835,1043000007,700000000
6/22/23,1.49,1.49,1.49,1.49,30,-0.235460993,1043000007,700000000
6/21/23,1.6,1.6,1.5,1.58,135,-0.235536421,1106000030,700000000
6/20/23,1.59,1.68,1.59,1.64,229,-0.234946589,1147999990,700000000
6/19/23,1.59,1.59,1.59,1.59,1,-0.234951129,1113000023,700000000
6/16/23,1.59,1.59,1.59,1.59,289,-0.234951129,1113000023,700000000
6/15/23,1.68,1.68,1.68,1.68,250,-0.234109709,1175999963,700000000
6/14/23,1.75,1.75,1.69,1.69,117,-0.23414663,1183000040,700000000
6/13/23,1.54,1.54,1.43,1.5,1,-0.233830311,1050000000,700000000
6/12/23,1.54,1.54,1.43,1.5,1,-0.233830311,1050000000,700000000
6/9/23,1.54,1.54,1.43,1.5,602,-0.233830311,1050000000,700000000
6/8/23,1.49,1.49,1.49,1.49,62,-0.23330644,1043000007,700000000
6/7/23,1.42,1.42,1.42,1.42,80,-0.233713731,993999970,700000000
6/6/23,1.42,1.42,1.42,1.42,563,-0.233730552,993999970,700000000
6/5/23,1.4,1.44,1.4,1.42,210,-0.233715081,993999970,700000000
6/2/23,1.46,1.46,1.21,1.21,4963,-0.232835825,847000027,700000000
6/1/23,1.55,1.55,1.35,1.48,561,-0.23288446,1036000013,700000000
5/31/23,1.54,1.54,1.3,1.3,5352,-0.23252196,909999967,700000000
5/30/23,1.64,1.64,1.6,1.6,167,-0.232475906,1120000017,700000000
5/29/23,1.5,1.64,1.5,1.64,710,-0.233266989,1147999990,700000000
5/26/23,1.65,1.65,1.5,1.64,428,-0.233250479,1147999990,700000000
5/25/23,1.65,1.65,1.65,1.65,130,-0.233132792,1154999983,700000000
5/24/23,1.43,1.65,1.43,1.65,5599,-0.232792348,1154999983,700000000
5/23/23,1.43,1.43,1.43,1.43,8,-0.232155246,1000999963,700000000
5/22/23,1.37,1.37,1.36,1.36,1,-0.232302931,788899982,700000000
5/19/23,1.37,1.37,1.36,1.36,140,-0.232302931,788899982,700000000
5/18/23,1.4,1.4,1.15,1.15,897,-0.232048719,788899982,700000000
5/17/23,1.4,1.4,1.18,1.4,1984,-0.232235608,788899982,700000000
5/16/23,1.18,1.3,1.18,1.18,635108,-0.23178192,788899982,700000000
5/15/23,1.43,1.43,1.3,1.3,613,-0.232000518,788899982,700000000
5/12/23,1.3,1.3,1.2,1.2,22,-0.231991418,788899982,700000000
5/11/23,1.3,1.3,1.3,1.3,37,-0.231877673,788899982,700000000
5/10/23,1.18,1.18,1.18,1.18,1442,-0.231833812,788899982,700000000
5/9/23,1.19,1.19,1.18,1.18,195,-0.231709228,788899982,700000000
5/8/23,1,1,0.99,1,2179,-0.231613368,788899982,700000000
5/5/23,1.1,1.1,1,1,1491,-0.231590051,788899982,700000000
5/4/23,1.1,1.1,1.1,1.1,248,-0.23170268,788899982,700000000
5/3/23,1.1,1.1,1.1,1.1,1000,-0.231433527,788899982,700000000
5/2/23,1.1,1.1,1.07,1.1,903,-0.231414638,788899982,700000000
5/1/23,1.1,1.1,1.07,1.07,1,-0.231641912,788899982,700000000
4/28/23,1.1,1.1,1.07,1.07,2522,-0.231641912,788899982,700000000
4/27/23,1.29,1.29,1.1,1.1,2882,-0.231529797,788899982,700000000
4/26/23,1.29,1.29,1.29,1.29,250,-0.231707502,788899982,700000000
4/25/23,251,298,251,298,1,0.069085543,52,700000000
4/24/23,251,298,251,298,1,0.069085543,52,700000000
4/21/23,251,298,251,298,1,0.069085543,52,700000000
4/20/23,251,298,251,298,1,0.069085543,52,700000000
4/19/23,251,298,251,298,1,0.069085543,52,700000000
4/18/23,251,298,251,298,1,0.069085543,52,700000000
4/17/23,251,298,251,298,1,0.069085543,52,700000000
4/14/23,251,298,251,298,1,0.069085543,52,700000000
4/13/23,251,298,251,298,1,0.069085543,52,700000000
4/12/23,251,298,251,298,1,0.069085543,52,700000000
4/11/23,251,298,251,298,1,0.069085543,52,700000000
4/10/23,251,298,251,298,1,0.069085543,52,700000000
4/7/23,251,298,251,298,1,0.069085543,52,700000000
4/6/23,251,298,251,298,1,0.069085543,52,700000000
4/5/23,251,298,251,298,1,0.069085543,52,700000000
4/4/23,251,298,251,298,1,0.069085543,52,700000000
4/3/23,251,298,251,298,1,0.069085543,52,700000000
3/31/23,251,298,251,298,1,0.069085543,52,700000000
3/30/23,251,298,251,298,1,0.069085543,52,700000000
3/29/23,251,298,251,298,1,0.069085543,52,700000000
3/28/23,251,298,251,298,1,0.069085543,52,700000000
3/27/23,251,298,251,298,1,0.069085543,52,700000000
3/24/23,251,298,251,298,1,0.069085543,52,700000000
3/23/23,251,298,251,298,1,0.069085543,52,700000000
3/22/23,251,298,251,298,1,0.069085543,52,700000000
3/21/23,251,298,251,298,1,0.069085543,52,700000000
3/20/23,251,298,251,298,1,0.069085543,52,700000000
3/17/23,251,298,251,298,1,0.069085543,52,700000000
3/16/23,251,298,251,298,1,0.069085543,52,700000000
3/15/23,251,298,251,298,1,0.069085543,52,700000000
3/14/23,251,298,251,298,1,0.069085543,52,700000000
3/13/23,251,298,251,298,1,0.069085543,52,700000000
3/10/23,251,298,251,298,1,0.069085543,52,700000000
3/9/23,251,298,251,298,1,0.069085543,52,700000000
3/8/23,251,298,251,298,1,0.069085543,52,700000000
3/7/23,251,298,251,298,1,0.069085543,52,700000000
3/6/23,251,298,251,298,1,0.069085543,52,700000000
3/3/23,251,298,251,298,1,0.069085543,52,700000000
3/2/23,251,298,251,298,1,0.069085543,52,700000000
3/1/23,251,298,251,298,1,0.069085543,52,700000000
2/28/23,251,298,251,298,1,0.069085543,52,700000000
2/27/23,251,298,251,298,1,0.069085543,52,700000000
2/24/23,251,298,251,298,1,0.069085543,52,700000000
2/23/23,251,298,251,298,1,0.069085543,52,700000000
2/22/23,251,298,251,298,1,0.069085543,52,700000000
2/21/23,251,298,251,298,1,0.069085543,52,700000000
2/20/23,251,298,251,298,1,0.069085543,52,700000000
2/17/23,251,298,251,298,1,0.069085543,52,700000000
2/16/23,251,298,251,298,1,0.069085543,52,700000000
2/15/23,251,298,251,298,1,0.069085543,52,700000000
2/14/23,251,298,251,298,1,0.069085543,52,700000000
2/13/23,251,298,251,298,1,0.069085543,52,700000000
2/10/23,251,298,251,298,1,0.069085543,52,700000000
2/9/23,251,298,251,298,1,0.069085543,52,700000000
2/8/23,251,298,251,298,1,0.069085543,52,700000000
2/7/23,251,298,251,298,1,0.069085543,52,700000000
2/6/23,251,298,251,298,1,0.069085543,52,700000000
2/3/23,251,298,251,298,1,0.069085543,52,700000000
2/2/23,251,298,251,298,1,0.069085543,52,700000000
2/1/23,251,298,251,298,1,0.069085543,52,700000000
1/31/23,251,298,251,298,1,0.069085543,52,700000000
1/30/23,251,298,251,298,1,0.069085543,52,700000000
1/27/23,251,298,251,298,1,0.069085543,52,700000000
1/26/23,251,298,251,298,1,0.069085543,52,700000000
1/25/23,251,298,251,298,1,0.069085543,52,700000000
1/24/23,251,298,251,298,1,0.069085543,52,700000000
1/23/23,251,298,251,298,1,0.069085543,52,700000000
1/20/23,251,298,251,298,1,0.069085543,52,700000000
1/19/23,251,298,251,298,1,0.069085543,52,700000000
1/18/23,251,298,251,298,1,0.069085543,52,700000000
1/17/23,251,298,251,298,1,0.069085543,52,700000000
1/16/23,251,298,251,298,1,0.069085543,52,700000000
1/13/23,251,298,251,298,1,0.069085543,52,700000000
1/12/23,251,298,251,298,1,0.069085543,52,700000000
1/11/23,251,298,251,298,1,0.069085543,52,700000000
1/10/23,251,298,251,298,1,0.069085543,52,700000000
1/9/23,251,298,251,298,1,0.069085543,52,700000000
1/6/23,251,298,251,298,1,0.069085543,52,700000000
1/5/23,251,298,251,298,1,0.069085543,52,700000000
1/4/23,251,298,251,298,1,0.069085543,52,700000000
1/3/23,251,298,251,298,1,0.069085543,52,700000000
1/2/23,251,298,251,298,1,0.069085543,52,700000000
12/30/22,251,298,251,298,1,0.069085543,52,700000000
12/29/22,251,298,251,298,1,0.069085543,52,700000000
12/28/22,251,298,251,298,1,0.069085543,52,700000000
12/27/22,251,298,251,298,1,0.069085543,52,700000000
12/26/22,251,298,251,298,1,0.069085543,52,700000000
12/23/22,251,298,251,298,1,0.069085543,52,700000000
12/22/22,251,298,251,298,1,0.069085543,52,700000000
12/21/22,251,298,251,298,1,0.069085543,52,700000000
12/20/22,251,298,251,298,1,0.069085543,52,700000000
12/19/22,251,298,251,298,1,0.069085543,52,700000000
12/16/22,251,298,251,298,1,0.069085543,52,700000000
12/15/22,251,298,251,298,1,0.069085543,52,700000000
12/14/22,251,298,251,298,1,0.069085543,52,700000000
12/13/22,251,298,251,298,1,0.069085543,52,700000000
12/12/22,251,298,251,298,1,0.069085543,52,700000000
12/9/22,251,298,251,298,1,0.069085543,52,700000000
12/8/22,251,298,251,298,1,0.069085543,52,700000000
12/7/22,251,298,251,298,1,0.069085543,52,700000000
12/6/22,251,298,251,298,1,0.069085543,52,700000000
12/5/22,251,298,251,298,1,0.069085543,52,700000000
12/2/22,251,298,251,298,1,0.069085543,52,700000000
12/1/22,251,298,251,298,1,0.069085543,52,700000000
11/30/22,251,298,251,298,1,0.069085543,52,700000000
11/29/22,251,298,251,298,1,0.069085543,52,700000000
11/28/22,251,298,251,298,1,0.069085543,52,700000000
11/25/22,251,298,251,298,1,0.069085543,52,700000000
11/24/22,251,298,251,298,1,0.069085543,52,700000000
11/23/22,251,298,251,298,1,0.069085543,52,700000000
11/22/22,251,298,251,298,1,0.069085543,52,700000000
11/21/22,251,298,251,298,1,0.069085543,52,700000000
11/18/22,251,298,251,298,1,0.069085543,52,700000000
11/17/22,251,298,251,298,1,0.069085543,52,700000000
11/16/22,251,298,251,298,1,0.069085543,52,700000000
11/15/22,251,298,251,298,1,0.069085543,52,700000000
11/14/22,251,298,251,298,1,0.069085543,52,700000000
11/11/22,251,298,251,298,1,0.069085543,52,700000000
11/10/22,251,298,251,298,1,0.069085543,52,700000000
11/9/22,251,298,251,298,1,0.069085543,52,700000000
11/8/22,251,298,251,298,1,0.069085543,52,700000000
11/7/22,251,298,251,298,1,0.069085543,52,700000000
11/4/22,251,298,251,298,1,0.069085543,52,700000000
11/3/22,251,298,251,298,1,0.069085543,52,700000000
11/2/22,251,298,251,298,1,0.069085543,52,700000000
11/1/22,251,298,251,298,1,0.069085543,52,700000000
10/31/22,251,298,251,298,1,0.069085543,52,700000000
10/28/22,251,298,251,298,1,0.069085543,52,700000000
10/27/22,251,298,251,298,1,0.069085543,52,700000000
10/26/22,251,298,251,298,1,0.069085543,52,700000000
10/25/22,251,298,251,298,1,0.069085543,52,700000000
10/24/22,251,298,251,298,1,0.069085543,52,700000000
10/21/22,251,298,251,298,1,0.069085543,52,700000000
10/20/22,251,298,251,298,1,0.069085543,52,700000000
10/19/22,251,298,251,298,1,0.069085543,52,700000000
10/18/22,251,298,251,298,1,0.069085543,52,700000000
10/17/22,251,298,251,298,1,0.069085543,52,700000000
10/14/22,251,298,251,298,1,0.069085543,52,700000000
10/13/22,251,298,251,298,1,0.069085543,52,700000000
10/12/22,251,298,251,298,1,0.069085543,52,700000000
10/11/22,251,298,251,298,1,0.069085543,52,700000000
10/10/22,251,298,251,298,1,0.069085543,52,700000000
10/7/22,251,298,251,298,1,0.069085543,52,700000000
10/6/22,251,298,251,298,1,0.069085543,52,700000000
10/5/22,251,298,251,298,1,0.069085543,52,700000000
10/4/22,251,298,251,298,1,0.069085543,52,700000000
10/3/22,251,298,251,298,1,0.069085543,52,700000000
9/30/22,251,298,251,298,1,0.069085543,52,700000000
9/29/22,251,298,251,298,1,0.069085543,52,700000000
9/28/22,251,298,251,298,1,0.069085543,52,700000000
9/27/22,251,298,251,298,1,0.069085543,52,700000000
9/26/22,251,298,251,298,1,0.069085543,52,700000000
9/23/22,251,298,251,298,1,0.069085543,52,700000000
9/22/22,251,298,251,298,1,0.069085543,52,700000000
9/21/22,251,298,251,298,1,0.069085543,52,700000000
9/20/22,251,298,251,298,1,0.069085543,52,700000000
9/19/22,251,298,251,298,1,0.069085543,52,700000000
9/16/22,251,298,251,298,1,0.069085543,52,700000000
9/15/22,251,298,251,298,1,0.069085543,52,700000000
9/14/22,251,298,251,298,1,0.069085543,52,700000000
9/13/22,251,298,251,298,1,0.069085543,52,700000000
9/12/22,251,298,251,298,1,0.069085543,52,700000000
9/9/22,251,298,251,298,1,0.069085543,52,700000000
9/8/22,251,298,251,298,1,0.069085543,52,700000000
9/7/22,251,298,251,298,1,0.069085543,52,700000000
9/6/22,251,298,251,298,1,0.069085543,52,700000000
9/5/22,251,298,251,298,1,0.069085543,52,700000000
9/2/22,251,298,251,298,1,0.069085543,52,700000000
9/1/22,251,298,251,298,1,0.069085543,52,700000000
8/31/22,251,298,251,298,1,0.069085543,52,700000000
8/30/22,251,298,251,298,1,0.069085543,52,700000000
8/29/22,251,298,251,298,1,0.069085543,52,700000000
8/26/22,251,298,251,298,1,0.069085543,52,700000000
8/25/22,251,298,251,298,1,0.069085543,52,700000000
8/24/22,251,298,251,298,1,0.069085543,52,700000000
8/23/22,251,298,251,298,1,0.069085543,52,700000000
8/22/22,251,298,251,298,1,0.069085543,52,700000000
8/19/22,251,298,251,298,1,0.069085543,52,700000000
8/18/22,251,298,251,298,1,0.069085543,52,700000000
8/17/22,251,298,251,298,1,0.069085543,52,700000000
8/16/22,251,298,251,298,1,0.069085543,52,700000000
8/15/22,251,298,251,298,1,0.069085543,52,700000000
8/12/22,251,298,251,298,1,0.069085543,52,700000000
8/11/22,251,298,251,298,1,0.069085543,52,700000000
8/10/22,251,298,251,298,1,0.069085543,52,700000000
8/9/22,251,298,251,298,1,0.069085543,52,700000000
8/8/22,251,298,251,298,1,0.069085543,52,700000000
8/5/22,251,298,251,298,1,0.069085543,52,700000000
8/4/22,251,298,251,298,1,0.069085543,52,700000000
8/3/22,251,298,251,298,1,0.069085543,52,700000000
8/2/22,251,298,251,298,1,0.069085543,52,700000000
8/1/22,251,298,251,298,1,0.069085543,52,700000000
7/29/22,251,298,251,298,1,0.069085543,52,700000000
7/28/22,251,298,251,298,1,0.069085543,52,700000000
7/27/22,251,298,251,298,1,0.069085543,52,700000000
7/26/22,251,298,251,298,1,0.069085543,52,700000000
7/25/22,251,298,251,298,1,0.069085543,52,700000000
7/22/22,251,298,251,298,1,0.069085543,52,700000000
7/21/22,251,298,251,298,1,0.069085543,52,700000000
7/20/22,251,298,251,298,1,0.069085543,52,700000000
7/19/22,251,298,251,298,1,0.069085543,52,700000000
7/18/22,251,298,251,298,1,0.069085543,52,700000000
7/15/22,251,298,251,298,1,0.069085543,52,700000000
7/14/22,251,298,251,298,1,0.069085543,52,700000000
7/13/22,251,298,251,298,1,0.069085543,52,700000000
7/12/22,251,298,251,298,1,0.069085543,52,700000000
7/11/22,251,298,251,298,1,0.069085543,52,700000000
7/8/22,251,298,251,298,1,0.069085543,52,700000000
7/7/22,251,298,251,298,1,0.069085543,52,700000000
7/6/22,251,298,251,298,1,0.069085543,52,700000000
7/5/22,251,298,251,298,1,0.069085543,52,700000000
7/4/22,251,298,251,298,1,0.069085543,52,700000000
7/1/22,251,298,251,298,1,0.069085543,52,700000000
6/30/22,251,298,251,298,1,0.069085543,52,700000000
6/29/22,251,298,251,298,1,0.069085543,52,700000000
6/28/22,251,298,251,298,1,0.069085543,52,700000000
6/27/22,251,298,251,298,1,0.069085543,52,700000000
6/24/22,251,298,251,298,1,0.069085543,52,700000000
6/23/22,251,298,251,298,1,0.069085543,52,700000000
6/22/22,251,298,251,298,1,0.069085543,52,700000000
6/21/22,251,298,251,298,1,0.069085543,52,700000000
6/20/22,251,298,251,298,1,0.069085543,52,700000000
6/17/22,251,298,251,298,1,0.069085543,52,700000000
6/16/22,251,298,251,298,1,0.069085543,52,700000000
6/15/22,251,298,251,298,1,0.069085543,52,700000000
6/14/22,251,298,251,298,1,0.069085543,52,700000000
6/13/22,251,298,251,298,1,0.069085543,52,700000000
6/10/22,251,298,251,298,1,0.069085543,52,700000000
6/9/22,251,298,251,298,1,0.069085543,52,700000000
6/8/22,251,298,251,298,1,0.069085543,52,700000000
6/7/22,251,298,251,298,1,0.069085543,52,700000000
6/6/22,251,298,251,298,1,0.069085543,52,700000000
6/3/22,251,298,251,298,1,0.069085543,52,700000000
6/2/22,251,298,251,298,1,0.069085543,52,700000000
6/1/22,251,298,251,298,1,0.069085543,52,700000000
5/31/22,251,298,251,298,1,0.069085543,52,700000000
5/30/22,251,298,251,298,1,0.069085543,52,700000000
5/27/22,251,298,251,298,1,0.069085543,52,700000000
5/26/22,251,298,251,298,1,0.069085543,52,700000000
5/25/22,251,298,251,298,1,0.069085543,52,700000000
5/24/22,251,298,251,298,1,0.069085543,52,700000000
5/23/22,251,298,251,298,1,0.069085543,52,700000000
5/20/22,251,298,251,298,1,0.069085543,52,700000000
5/19/22,251,298,251,298,1,0.069085543,52,700000000
5/18/22,251,298,251,298,1,0.069085543,52,700000000
5/17/22,251,298,251,298,1,0.069085543,52,700000000
5/16/22,251,298,251,298,1,0.069085543,52,700000000
5/13/22,251,298,251,298,1,0.069085543,52,700000000
5/12/22,251,298,251,298,1,0.069085543,52,700000000
5/11/22,251,298,251,298,1,0.069085543,52,700000000
5/10/22,251,298,251,298,1,0.069085543,52,700000000
5/9/22,251,298,251,298,1,0.069085543,52,700000000
5/6/22,251,298,251,298,1,0.069085543,52,700000000
5/5/22,251,298,251,298,1,0.069085543,52,700000000
5/4/22,251,298,251,298,1,0.069085543,52,700000000
5/3/22,251,298,251,298,1,0.069085543,52,700000000
5/2/22,251,298,251,298,1,0.069085543,52,700000000
4/29/22,251,298,251,298,1,0.069085543,52,700000000
4/28/22,251,298,251,298,1,0.069085543,52,700000000
4/27/22,251,298,251,298,1,0.069085543,52,700000000
4/26/22,251,298,251,298,1,0.069085543,52,700000000
4/25/22,251,298,251,298,1,0.069085543,52,700000000
4/22/22,251,298,251,298,1,0.069085543,52,700000000
4/21/22,251,298,251,298,1,0.069085543,52,700000000
4/20/22,251,298,251,298,1,0.069085543,52,700000000
4/19/22,251,298,251,298,1,0.069085543,52,700000000
4/18/22,251,298,251,298,1,0.069085543,52,700000000
4/15/22,251,298,251,298,1,0.069085543,52,700000000
4/14/22,251,298,251,298,1,0.069085543,52,700000000
4/13/22,251,298,251,298,1,0.069085543,52,700000000
4/12/22,251,298,251,298,1,0.069085543,52,700000000
4/11/22,251,298,251,298,1,0.069085543,52,700000000
4/8/22,251,298,251,298,1,0.069085543,52,700000000
4/7/22,251,298,251,298,1,0.069085543,52,700000000
4/6/22,251,298,251,298,1,0.069085543,52,700000000
4/5/22,251,298,251,298,1,0.069085543,52,700000000
4/4/22,251,298,251,298,1,0.069085543,52,700000000
4/1/22,251,298,251,298,1,0.069085543,52,700000000
3/31/22,251,298,251,298,1,0.069085543,52,700000000
3/30/22,251,298,251,298,1,0.069085543,52,700000000
3/29/22,251,298,251,298,1,0.069085543,52,700000000
3/28/22,251,298,251,298,1,0.069085543,52,700000000
3/25/22,251,298,251,298,1,0.069085543,52,700000000
3/24/22,251,298,251,298,1,0.069085543,52,700000000
3/23/22,251,298,251,298,1,0.069085543,52,700000000
3/22/22,251,298,251,298,1,0.069085543,52,700000000
3/21/22,251,298,251,298,1,0.069085543,52,700000000
3/18/22,251,298,251,298,1,0.069085543,52,700000000
3/17/22,251,298,251,298,1,0.069085543,52,700000000
3/16/22,251,298,251,298,1,0.069085543,52,700000000
3/15/22,251,298,251,298,1,0.069085543,52,700000000
3/14/22,251,298,251,298,1,0.069085543,52,700000000
3/11/22,251,298,251,298,1,0.069085543,52,700000000
3/10/22,251,298,251,298,1,0.069085543,52,700000000
3/9/22,251,298,251,298,1,0.069085543,52,700000000
3/8/22,251,298,251,298,1,0.069085543,52,700000000
3/7/22,251,298,251,298,1,0.069085543,52,700000000
3/4/22,251,298,251,298,1,0.069085543,52,700000000
3/3/22,251,298,251,298,1,0.069085543,52,700000000
3/2/22,251,298,251,298,1,0.069085543,52,700000000
3/1/22,251,298,251,298,1,0.069085543,52,700000000
2/28/22,251,298,251,298,1,0.069085543,52,700000000
2/25/22,251,298,251,298,1,0.069085543,52,700000000
2/24/22,251,298,251,298,1,0.069085543,52,700000000
2/23/22,251,298,251,298,1,0.069085543,52,700000000
2/22/22,251,298,251,298,1,0.069085543,52,700000000
2/21/22,251,298,251,298,1,0.069085543,52,700000000
2/18/22,251,298,251,298,1,0.069085543,52,700000000
2/17/22,251,298,251,298,1,0.069085543,52,700000000
2/16/22,251,298,251,298,1,0.069085543,52,700000000
2/15/22,251,298,251,298,1,0.069085543,52,700000000
2/14/22,251,298,251,298,1,0.069085543,52,700000000
2/11/22,251,298,251,298,1,0.069085543,52,700000000
2/10/22,251,298,251,298,1,0.069085543,52,700000000
2/9/22,251,298,251,298,1,0.069085543,52,700000000
2/8/22,251,298,251,298,1,0.069085543,52,700000000
2/7/22,251,298,251,298,1,0.069085543,52,700000000
2/4/22,251,298,251,298,1,0.069085543,52,700000000
2/3/22,251,298,251,298,1,0.069085543,52,700000000
2/2/22,251,298,251,298,1,0.069085543,52,700000000
2/1/22,251,298,251,298,1,0.069085543,52,700000000
1/31/22,251,298,251,298,1,0.069085543,52,700000000
1/28/22,251,298,251,298,1,0.069085543,52,700000000
1/27/22,251,298,251,298,1,0.069085543,52,700000000
1/26/22,251,298,251,298,1,0.069085543,52,700000000
1/25/22,251,298,251,298,1,0.069085543,52,700000000
1/24/22,251,298,251,298,1,0.069085543,52,700000000
1/21/22,251,298,251,298,1,0.069085543,52,700000000
1/20/22,251,298,251,298,1,0.069085543,52,700000000
1/19/22,251,298,251,298,1,0.069085543,52,700000000
1/18/22,251,298,251,298,1,0.069085543,52,700000000
1/17/22,251,298,251,298,1,0.069085543,52,700000000
1/14/22,251,298,251,298,1,0.069085543,52,700000000
1/13/22,251,298,251,298,1,0.069085543,52,700000000
1/12/22,251,298,251,298,1,0.069085543,52,700000000
1/11/22,251,298,251,298,1,0.069085543,52,700000000
1/10/22,251,298,251,298,1,0.069085543,52,700000000
1/7/22,251,298,251,298,1,0.069085543,52,700000000
1/6/22,251,298,251,298,1,0.069085543,52,700000000
1/5/22,251,298,251,298,1,0.069085543,52,700000000
1/4/22,251,298,251,298,1,0.069085543,52,700000000
1/3/22,251,298,251,298,1,0.069085543,52,700000000
12/31/21,251,298,251,298,1,0.069085543,52,700000000
12/30/21,251,298,251,298,1,0.069085543,52,700000000
12/29/21,251,298,251,298,1,0.069085543,52,700000000
12/28/21,251,298,251,298,1,0.069085543,52,700000000
12/27/21,251,298,251,298,1,0.069085543,52,700000000
12/24/21,251,298,251,298,1,0.069085543,52,700000000
12/23/21,251,298,251,298,1,0.069085543,52,700000000
12/22/21,251,298,251,298,1,0.069085543,52,700000000
12/21/21,251,298,251,298,1,0.069085543,52,700000000
12/20/21,251,298,251,298,1,0.069085543,52,700000000
12/17/21,251,298,251,298,1,0.069085543,52,700000000
12/16/21,251,298,251,298,1,0.069085543,52,700000000
12/15/21,251,298,251,298,1,0.069085543,52,700000000
12/14/21,251,298,251,298,1,0.069085543,52,700000000
12/13/21,251,298,251,298,1,0.069085543,52,700000000
12/10/21,251,298,251,298,1,0.069085543,52,700000000
12/9/21,251,298,251,298,1,0.069085543,52,700000000
12/8/21,251,298,251,298,1,0.069085543,52,700000000
12/7/21,251,298,251,298,1,0.069085543,52,700000000
12/6/21,251,298,251,298,1,0.069085543,52,700000000
12/3/21,251,298,251,298,1,0.069085543,52,700000000
12/2/21,251,298,251,298,1,0.069085543,52,700000000
12/1/21,251,298,251,298,1,0.069085543,52,700000000
11/30/21,251,298,251,298,1,0.069085543,52,700000000
11/29/21,251,298,251,298,1,0.069085543,52,700000000
11/26/21,251,298,251,298,1,0.069085543,52,700000000
11/25/21,251,298,251,298,1,0.069085543,52,700000000
11/24/21,251,298,251,298,1,0.069085543,52,700000000
11/23/21,251,298,251,298,1,0.069085543,52,700000000
11/22/21,251,298,251,298,1,0.069085543,52,700000000
11/19/21,251,298,251,298,1,0.069085543,52,700000000
11/18/21,251,298,251,298,1,0.069085543,52,700000000
11/17/21,251,298,251,298,1,0.069085543,52,700000000
11/16/21,251,298,251,298,1,0.069085543,52,700000000
11/15/21,251,298,251,298,1,0.069085543,52,700000000
11/12/21,251,298,251,298,1,0.069085543,52,700000000
11/11/21,251,298,251,298,1,0.069085543,52,700000000
11/10/21,251,298,251,298,1,0.069085543,52,700000000
11/9/21,251,298,251,298,1,0.069085543,52,700000000
11/8/21,251,298,251,298,1,0.069085543,52,700000000
11/5/21,251,298,251,298,1,0.069085543,52,700000000
11/4/21,251,298,251,298,1,0.069085543,52,700000000
11/3/21,251,298,251,298,1,0.069085543,52,700000000
11/2/21,251,298,251,298,1,0.069085543,52,700000000
11/1/21,251,298,251,298,1,0.069085543,52,700000000
10/29/21,251,298,251,298,1,0.069085543,52,700000000
10/28/21,251,298,251,298,1,0.069085543,52,700000000
10/27/21,251,298,251,298,1,0.069085543,52,700000000
10/26/21,251,298,251,298,1,0.069085543,52,700000000
10/25/21,251,298,251,298,1,0.069085543,52,700000000
10/22/21,251,298,251,298,1,0.069085543,52,700000000
10/21/21,251,298,251,298,1,0.069085543,52,700000000
10/20/21,251,298,251,298,1,0.069085543,52,700000000
10/19/21,251,298,251,298,1,0.069085543,52,700000000
10/18/21,251,298,251,298,1,0.069085543,52,700000000
10/15/21,251,298,251,298,1,0.069085543,52,700000000
10/14/21,251,298,251,298,1,0.069085543,52,700000000
10/13/21,251,298,251,298,1,0.069085543,52,700000000
10/12/21,251,298,251,298,1,0.069085543,52,700000000
10/11/21,251,298,251,298,1,0.069085543,52,700000000
10/8/21,251,298,251,298,1,0.069085543,52,700000000
10/7/21,251,298,251,298,1,0.069085543,52,700000000
10/6/21,251,298,251,298,1,0.069085543,52,700000000
10/5/21,251,298,251,298,1,0.069085543,52,700000000
10/4/21,251,298,251,298,1,0.069085543,52,700000000
10/1/21,251,298,251,298,1,0.069085543,52,700000000
9/30/21,251,298,251,298,1,0.069085543,52,700000000
9/29/21,251,298,251,298,7,0.069085543,52,700000000
9/28/21,300,300,298,298,433,0.067265835,52,700000000
9/27/21,300,300,300,300,98,0.067582206,52,700000000
9/24/21,300,300,271,271,824,0.066051773,52,700000000
9/23/21,271,271,271,271,4334,0.066046375,52,700000000
9/22/21,307,307,280,290,93,0.065782912,52,700000000
9/21/21,306,306,300,300,170,0.070192155,52,700000000
9/20/21,300,300,300,300,10,0.073351693,52,700000000
9/17/21,308.98999,308.98999,300,300,619,0.07200426,52,700000000
9/16/21,300,300,300,300,22,0.072731027,52,700000000
9/15/21,300,300,300,300,360,0.0724294,52,700000000
9/14/21,329.98999,329.98999,329.98999,329.98999,3,0.0718993,52,700000000
9/13/21,330,330,329.98999,329.98999,148,0.071615813,52,700000000
9/10/21,330,330,330,330,10,0.071680741,52,700000000
9/9/21,348.98999,348.98999,330,330,300,0.07138109,52,700000000
9/8/21,365,365,348.98999,348.98999,407,0.073033514,52,700000000
9/7/21,350,350,350,350,167,0.073360688,52,700000000
9/6/21,380,380,370,370,12,0.071712369,52,700000000
9/3/21,378,378,377.98999,377.98999,1,0.073678604,52,700000000
9/2/21,378,378,377.98999,377.98999,25,0.073678604,52,700000000
9/1/21,378.98999,378.98999,378.98999,378.98999,8,0.073689549,52,700000000
8/31/21,370,370,370,370,400,0.076100884,52,700000000
8/30/21,385,385,385,385,1,0.076381939,52,700000000
8/27/21,385,385,385,385,1,0.076381939,52,700000000
8/26/21,385,385,385,385,1,0.076381939,52,700000000
8/25/21,385,385,385,385,73,0.076381939,52,700000000
8/24/21,390,390,389.98999,389.98999,404,0.111762107,52,700000000
8/23/21,389.98999,389.98999,389.98999,389.98999,83,0.128891973,52,700000000
8/20/21,360,390,360,390,229,0.126638363,52,700000000
8/19/21,330,330,330,330,1,0.121548424,52,700000000
8/18/21,330,330,330,330,1,0.121548424,52,700000000
8/17/21,330,330,330,330,1,0.121548424,52,700000000
8/16/21,330,330,330,330,16,0.121548424,52,700000000
8/13/21,335,335,335,335,413,0.160181587,52,700000000
8/12/21,335,335,335,335,10,0.154935621,52,700000000
8/11/21,335,335,335,335,1,0.155294944,52,700000000
8/10/21,335,335,335,335,680,0.155294944,52,700000000
8/9/21,335,335,335,335,9,0.155763924,52,700000000
8/6/21,349.98999,349.98999,349.98999,349.98999,4,0.155224336,52,700000000
8/5/21,330,330,330,330,22,0.155258206,52,700000000
8/4/21,330,330,330,330,1,0.156542431,52,700000000
8/3/21,330,330,330,330,350,0.156542431,52,700000000
8/2/21,330,330,330,330,4,0.156347739,52,700000000
7/30/21,320,330,320,330,1,0.158255268,52,700000000
7/29/21,320,330,320,330,145,0.158255268,52,700000000
7/28/21,320,320,320,320,1,0.157700812,52,700000000
7/27/21,320,320,320,320,390,0.157700812,52,700000000
7/26/21,350,350,333,333,32,0.157085299,52,700000000
7/23/21,335,335,335,335,200,0.157353225,52,700000000
7/22/21,300,335,300,335,118,0.144726041,52,700000000
7/21/21,300,305,300,300,1,0.14889438,52,700000000
7/20/21,300,305,300,300,1,0.14889438,52,700000000
7/19/21,300,305,300,300,1222,0.14889438,52,700000000
7/16/21,320,320,300,300,103,0.148887241,52,700000000
7/15/21,300,300,300,300,987,0.14938916,52,700000000
7/14/21,300,300,300,300,4342,0.150836034,52,700000000
7/13/21,300,300,300,300,1,0.150622387,52,700000000
7/12/21,300,300,300,300,1,0.150622387,52,700000000
7/9/21,300,300,300,300,4018,0.150622387,52,700000000
7/8/21,300,300,300,300,382,0.150726929,52,700000000
7/7/21,320,320,320,320,5,0.149397696,52,700000000
7/6/21,321,321,321,321,16,0.149132649,52,700000000
7/5/21,325,325,320,325,1,0.149206928,52,700000000
7/2/21,325,325,320,325,43,0.149206928,52,700000000
7/1/21,320,320,320,320,2,0.145497195,52,700000000
6/30/21,330,330,325,325,134,0.144122214,52,700000000
6/29/21,330,330,330,330,75,0.145211286,52,700000000
6/28/21,325,325,325,325,1,0.145341118,52,700000000
6/25/21,325,325,325,325,3,0.145341118,52,700000000
6/24/21,325,330,325,325,1,0.145187159,52,700000000
6/23/21,325,330,325,325,75160,0.145187159,52,700000000
6/22/21,380,380,380,380,1,0.143745688,52,700000000
6/21/21,380,380,380,380,1,0.143745688,52,700000000
6/18/21,380,380,380,380,3,0.143745688,52,700000000
6/17/21,324,324,324,324,50,0.142201551,52,700000000
6/16/21,324,324,324,324,73,0.140200216,52,700000000
6/15/21,324,324,324,324,1,0.140298779,52,700000000
6/14/21,324,324,324,324,1,0.140298779,52,700000000
6/11/21,324,324,324,324,11,0.140298779,52,700000000
6/10/21,324,324,324,324,162,0.141451167,52,700000000
6/9/21,324,324,324,324,20,0.141358736,52,700000000
6/8/21,300,300.01001,300,300.01001,35,0.158005238,52,700000000
6/7/21,260.01001,260.01001,260.01001,260.01001,1,0.150522439,52,700000000
6/4/21,260.01001,260.01001,260.01001,260.01001,1,0.150522439,52,700000000
6/3/21,260.01001,260.01001,260.01001,260.01001,1,0.150522439,52,700000000
6/2/21,260.01001,260.01001,260.01001,260.01001,1,0.150522439,52,700000000
6/1/21,260.01001,260.01001,260.01001,260.01001,50,0.150522439,52,700000000
5/31/21,280,315,280,315,1,0.144404042,52,700000000
5/28/21,280,315,280,315,200,0.144404042,52,700000000
5/27/21,325,325,325,325,30,0.154561805,52,700000000
5/26/21,325,325,325,325,70,0.1542756,52,700000000
5/25/21,285,285,285,285,63,0.148937007,52,700000000
5/24/21,285,285,285,285,1,0.158321099,52,700000000
5/21/21,285,285,285,285,1,0.158321099,52,700000000
5/20/21,285,285,285,285,100,0.158321099,52,700000000
5/19/21,300,300,300,300,3,0.159322334,52,700000000
5/18/21,300,300,300,300,162,0.15825086,52,700000000
5/17/21,300,300,300,300,74,0.158395145,52,700000000
5/14/21,250,275,250,255,599,0.158856871,52,700000000
5/13/21,250,250,250,250,10,0.164792052,52,700000000
5/12/21,250,250,250,250,45,0.167468179,52,700000000
5/11/21,250,250,250,250,226,0.160990046,52,700000000
5/10/21,253,253,253,253,1,0.160745196,52,700000000
5/7/21,253,253,253,253,266,0.160745196,52,700000000
5/6/21,253,253,253,253,16,0.160402444,52,700000000
5/5/21,253,253,253,253,999,0.160919818,52,700000000
5/4/21,250,250,250,250,30,0.16100699,52,700000000
5/3/21,250,280,250,253,271,0.152171524,52,700000000
4/30/21,235,235,235,235,102,0.154073093,52,700000000
4/29/21,234,234,230,234,1432,0.156114701,52,700000000
4/28/21,220,234,220,234,394,0.155801881,52,700000000
4/27/21,215,215,215,215,85,0.155087372,52,700000000
4/26/21,200,210,200,210,75,0.155259981,52,700000000
4/23/21,200,200,199.99001,199.99001,397,0.154626868,52,700000000
4/22/21,185,185,185,185,50,0.151965376,52,700000000
4/21/21,180,180,180,180,1,0.152612428,52,700000000
4/20/21,180,180,180,180,97,0.152612428,52,700000000
4/19/21,180,180,175,175,1,0.152823691,52,700000000
4/16/21,180,180,175,175,8,0.152823691,52,700000000
4/15/21,200,200,200,200,1,0.155328467,52,700000000
4/14/21,200,200,200,200,1,0.155328467,52,700000000
4/13/21,200,200,200,200,1,0.155328467,52,700000000
4/12/21,200,200,200,200,30,0.155328467,52,700000000
4/9/21,200,200,200,200,131,0.153665359,52,700000000
4/8/21,200,200,200,200,216,0.151588486,52,700000000
4/7/21,167,167,167,167,405,0.144580306,52,700000000
4/6/21,168,168,167,167,6,0.142376181,52,700000000
4/5/21,140,140,140,140,160,0.145481753,52,700000000
4/2/21,140,140,140,140,1,0.151883638,52,700000000
4/1/21,140,140,140,140,1,0.151883638,52,700000000
3/31/21,140,140,140,140,60,0.151883638,52,700000000
3/30/21,139,139,139,139,60,0.157153707,52,700000000
3/29/21,140,140,139.99001,139.99001,1,0.155281198,52,700000000
3/26/21,140,140,139.99001,139.99001,376,0.155281198,52,700000000
3/25/21,165,165,143,143,718,0.155901641,52,700000000
3/24/21,145,146.99001,145,146.99001,52,0.155997339,52,700000000
3/23/21,145,147,145,145,399,0.156412685,52,700000000
3/22/21,147,147,147,147,381,0.155449944,52,700000000
3/19/21,123,123,123,123,1,0.537930577,52,700000000
3/18/21,123,123,123,123,20,0.537930577,52,700000000
3/17/21,100,110,100,110,328,0.539816421,52,700000000
3/16/21,110,110,100,110,435,0.541421881,52,700000000
3/15/21,110,110,110,110,16,0.541124479,52,700000000
3/12/21,109.99,110,109.99,110,904,0.508878563,52,700000000
3/11/21,105,110,105,109.99,260,0.507306348,52,700000000
3/10/21,110,110,110,110,40,0.507167049,52,700000000
3/9/21,110,110,110,110,20,0.503887117,52,700000000
3/8/21,105,110,100,110,329,0.513521143,52,700000000
3/5/21,110,110,110,110,16,0.504995546,52,700000000
3/4/21,101,101,100,100,905,0.491166818,52,700000000
3/3/21,130,130,115,115,376,0.491821145,52,700000000
3/2/21,130,130,129.99001,129.99001,216,0.490188408,52,700000000
3/1/21,155.5,155.5,155,155,1,0.511754088,52,700000000
2/26/21,155.5,155.5,155,155,249,0.511754088,52,700000000
2/25/21,155,155,155,155,100,0.51567402,52,700000000
2/24/21,155,155,155,155,38,0.525917366,52,700000000
2/23/21,145,155,145,155,22,0.525010149,52,700000000
2/22/21,130,130,130,130,226,0.526768658,52,700000000
2/19/21,119.99,119.99,119.99,119.99,23,0.525223057,52,700000000
2/18/21,112.79,112.79,96,112.79,81,0.518842544,52,700000000
2/17/21,94,94,94,94,97,0.460534285,52,700000000
2/16/21,112.79,112.79,112.79,112.79,1,0.452941904,52,700000000
2/15/21,112.79,112.79,112.79,112.79,1,0.452941904,52,700000000
2/12/21,112.79,112.79,112.79,112.79,7,0.452941904,52,700000000
2/11/21,93.059998,94.010002,93.050003,94,976,0.437106401,52,700000000
2/10/21,96,96,96,96,40,0.434718569,52,700000000
2/9/21,119.98,119.98,119.98,119.98,3,0.436148312,52,700000000
2/8/21,119.99,119.99,119.99,119.99,29,0.437935291,52,700000000
2/5/21,119.99,119.99,100,100,112,0.444610439,52,700000000
2/4/21,95,100,95,100,535,0.444129996,52,700000000
2/3/21,109,109,100,100,49,0.444165888,52,700000000
2/2/21,115,115,100,100,41,0.444894162,52,700000000
2/1/21,115,115,115,115,13,0.412049133,52,700000000
1/29/21,119.99,119.99,119.99,119.99,44,0.411811832,52,700000000
1/28/21,114.99,114.99,111,111,215,0.412896254,52,700000000
1/27/21,115,115,115,115,4331,0.4122222,52,700000000
1/26/21,119.99,119.99,114.99,114.99,66,0.411415749,52,700000000
1/25/21,120,120,120,120,30,0.416137907,52,700000000
1/22/21,110,120,110,120,45,0.424158412,52,700000000
1/21/21,120,120,120,120,4,0.430459201,52,700000000
1/20/21,110,110,110,110,7,0.428349161,52,700000000
1/19/21,100,114,100,114,71,0.427603703,52,700000000
1/18/21,125,125,95.209999,95.209999,1,0.425683269,52,700000000
1/15/21,125,125,95.209999,95.209999,301,0.425683269,52,700000000
1/14/21,119,119,119,119,1,0.426340218,52,700000000
1/13/21,119,119,119,119,1,0.426340218,52,700000000
1/12/21,119,119,119,119,288,0.426340218,52,700000000
1/11/21,119,119,119,119,1,0.42621543,52,700000000
1/8/21,119,119,119,119,74,0.42621543,52,700000000
1/7/21,99.989998,99.989998,99.989998,99.989998,1,0.41891135,52,700000000
1/6/21,99.989998,99.989998,99.989998,99.989998,1,0.41891135,52,700000000
1/5/21,99.989998,99.989998,99.989998,99.989998,35,0.41891135,52,700000000
1/4/21,100,100,90,90,1,0.42776352,52,700000000
1/1/21,100,100,90,90,1,0.42776352,52,700000000
12/31/20,100,100,90,90,1,0.42776352,52,700000000
12/30/20,100,100,90,90,137,0.42776352,52,700000000
12/29/20,89,89,89,89,308,0.422134236,52,700000000
12/28/20,90,90,90,90,51,0.421868857,52,700000000
12/25/20,90,90,90,90,1,0.432086742,52,700000000
12/24/20,90,90,90,90,1,0.432086742,52,700000000
12/23/20,90,90,90,90,20092,0.432086742,52,700000000
12/22/20,90,90,90,90,88,0.432058049,52,700000000
12/21/20,100,100,100,100,4499,0.429488117,52,700000000
12/18/20,100,100,100,100,100,0.434115159,52,700000000
12/17/20,100,100,100,100,101,0.435836766,52,700000000
12/16/20,100,100,100,100,107,0.435900077,52,700000000
12/15/20,100,100,100,100,31,0.438763619,52,700000000
12/14/20,100,100,100,100,1,0.436632098,52,700000000
12/11/20,100,100,100,100,12,0.436632098,52,700000000
12/10/20,100.77,100.77,100.77,100.77,34,0.432718376,52,700000000
12/9/20,70,83.989998,70,83.989998,110,0.441004057,52,700000000
12/8/20,70,70,70,70,3,0.431270983,52,700000000
12/7/20,64.190002,64.190002,64.190002,64.190002,32,0.435237817,52,700000000
12/4/20,53.5,64.190002,53.5,64.190002,1,0.377508904,52,700000000
12/3/20,53.5,64.190002,53.5,64.190002,55,0.377508904,52,700000000
12/2/20,53.400002,53.5,53.400002,53.5,1,0.377805586,52,700000000
12/1/20,53.400002,53.5,53.400002,53.5,170,0.377805586,52,700000000
11/30/20,53399.988,53399.988,53399.988,53399.988,165,0.356617512,52,700000000
11/27/20,53399.988,53399.988,53399.988,53399.988,7,0.360754537,52,700000000
11/26/20,44500,44500,44500,44500,150,0.343347419,52,700000000
11/25/20,36000,43198.781,36000,40000,62,0.338169243,52,700000000
11/24/20,35999,35999,35999,35999,10,0.336363197,52,700000000
11/23/20,35999,35999,35999,35999,1,0.342425466,52,700000000
11/20/20,35999,35999,35999,35999,5,0.342425466,52,700000000
11/19/20,29999.99,29999.99,29999.99,29999.99,30,0.332242493,52,700000000
11/18/20,25000,25000,25000,25000,50,0.332580458,52,700000000
11/17/20,25000,25000,25000,25000,443,0.332148605,52,700000000
11/16/20,25000,25000,25000,25000,22,0.334940597,52,700000000
11/13/20,29999.99,29999.99,29999.99,29999.99,2,0.330474594,52,700000000
11/12/20,25000,25000,25000,25000,17,0.327378382,52,700000000
11/11/20,25000,25000,25000,25000,338,0.331706712,52,700000000
11/10/20,25000,25000,25000,25000,184,0.303988781,52,700000000
11/9/20,25000,25000,25000,25000,1,0.308854674,52,700000000
11/6/20,25000,25000,25000,25000,1,0.308854674,52,700000000
11/5/20,25000,25000,25000,25000,50,0.308854674,52,700000000
11/4/20,28787.99,28787.99,28787.99,28787.99,4358,0.306127378,52,700000000
11/3/20,23990,24000,23990,24000,1,0.307792555,52,700000000
11/2/20,23990,24000,23990,24000,9,0.307792555,52,700000000
10/30/20,21000,23990,21000,23990,121,0.307574992,52,700000000
10/29/20,20000,20000,20000,20000,1,0.306222607,52,700000000
10/28/20,20000,20000,20000,20000,1,0.306222607,52,700000000
10/27/20,20000,20000,20000,20000,1,0.306222607,52,700000000
10/26/20,20000,20000,20000,20000,79,0.306222607,52,700000000
10/23/20,20000,20000,20000,20000,1,0.306608958,52,700000000
10/22/20,20000,20000,20000,20000,1,0.306608958,52,700000000
10/21/20,20000,20000,20000,20000,1,0.306608958,52,700000000
10/20/20,20000,20000,20000,20000,1,0.306608958,52,700000000
10/19/20,20000,20000,20000,20000,1,0.306608958,52,700000000
10/16/20,20000,20000,20000,20000,400,0.306608958,52,700000000
10/15/20,20000,20000,20000,20000,295,0.309988434,52,700000000
10/14/20,20000,20000,20000,20000,20,0.320217643,52,700000000
10/13/20,20000,20000,20000,20000,1,0.316882707,52,700000000
10/12/20,20000,20000,20000,20000,1,0.316882707,52,700000000
10/9/20,20000,20000,20000,20000,30,0.316882707,52,700000000
10/8/20,20998,20998,19999,20000,569,0.316699041,52,700000000
10/7/20,20999,20999.99,20999,20999.99,135,0.317701111,52,700000000
10/6/20,21500,21500,21500,21500,1,0.314692333,52,700000000
10/5/20,21500,21500,21500,21500,1204,0.314692333,52,700000000
10/2/20,19999.99,22499.99,19999.99,21500,1384,0.313120657,52,700000000
10/1/20,19999.99,19999.99,19999.99,19999.99,1,0.310070592,52,700000000
9/30/20,19999.99,19999.99,19999.99,19999.99,97,0.310070592,52,700000000
9/29/20,19999.99,19999.99,19999.99,19999.99,1,0.310142452,52,700000000
9/28/20,19999.99,19999.99,19999.99,19999.99,14,0.310142452,52,700000000
9/25/20,18498.99,18498.99,18498.99,18498.99,1,0.30925122,52,700000000
9/24/20,18498.99,18498.99,18498.99,18498.99,1,0.30925122,52,700000000
9/23/20,18498.99,18498.99,18498.99,18498.99,1,0.30925122,52,700000000
9/22/20,18498.99,18498.99,18498.99,18498.99,1,0.30925122,52,700000000
9/21/20,18498.99,18498.99,18498.99,18498.99,12,0.30925122,52,700000000
9/18/20,18498.99,18498.99,18498.99,18498.99,2,0.307916948,52,700000000
9/17/20,18499,18499,18000,18000,21,0.308706829,52,700000000
9/16/20,18500,18500,18500,18500,100,0.306762838,52,700000000
9/15/20,18500,18500,18500,18500,1286,0.314373204,52,700000000
9/14/20,19999.99,19999.99,18500,18500,1,0.315814005,52,700000000
9/11/20,19999.99,19999.99,18500,18500,1373,0.315814005,52,700000000
9/10/20,19000,19000,19000,19000,20,0.311491404,52,700000000
9/9/20,19000,19000,19000,19000,20,0.319698276,52,700000000
9/8/20,18000,18000,18000,18000,1,0.317345204,52,700000000
9/7/20,18000,18000,18000,18000,1,0.317345204,52,700000000
9/4/20,18000,18000,18000,18000,75,0.317345204,52,700000000
9/3/20,18500,18500,18000,18000,1,0.317160038,52,700000000
9/2/20,18500,18500,18000,18000,52,0.317160038,52,700000000
9/1/20,18500,18500,18000,18500,226,0.322562819,52,700000000
8/31/20,18500,18500,18500,18500,21635,0.376534448,52,700000000
8/28/20,18500,18500,18500,18500,105,0.366790642,52,700000000
8/27/20,17000,17100,17000,17000,94,0.309081104,52,700000000
8/26/20,18999,18999,18999,18999,5,0.307055428,52,700000000
8/25/20,16000,18999,16000,18999,50,0.308358923,52,700000000
8/24/20,18800,18999.99,18800,18999.99,1,0.309811094,52,700000000
8/21/20,18800,18999.99,18800,18999.99,26,0.309811094,52,700000000
8/20/20,16799,16799,16700,16799,227,0.311714249,52,700000000
8/19/20,13500,13999.99,13500,13999.99,4480,0.314269872,52,700000000
8/18/20,13500,13999.99,13500,13900,37,0.315086473,52,700000000
8/17/20,11999.99,13500,11999.99,13500,102,0.315495525,52,700000000
8/14/20,10500,11999.99,10500,11999.99,110,0.311151458,52,700000000
8/13/20,9500,10200,9500,10000,2466,0.318670206,52,700000000
8/12/20,9000,9000,9000,9000,175,0.317501011,52,700000000
8/11/20,10000,10000,9001,9001,240,0.316256067,52,700000000
8/10/20,10000,10000,10000,10000,700,0.307413932,52,700000000
8/7/20,10000,11500,10000,11500,774,0.307036567,52,700000000
8/6/20,10000,10000,10000,10000,63,0.303934486,52,700000000
8/5/20,10000,10000,9600,9600,89,0.304284932,52,700000000
8/4/20,9000,9599.9902,8500.0098,9599.9902,58,0.304445436,52,700000000
8/3/20,11000,11000,8000,8000,1,0.300668346,52,700000000
7/31/20,11000,11000,8000,8000,330,0.300668346,52,700000000
7/30/20,10000,10000,10000,10000,1,0.30353144,52,700000000
7/29/20,10000,10000,10000,10000,123,0.30353144,52,700000000
7/28/20,10000,10000,10000,10000,13,0.300543533,52,700000000
7/27/20,8500,10000,8500,10000,950,0.300451513,52,700000000
7/24/20,8500,8500,8500,8500,1,0.298035425,52,700000000
7/23/20,8500,8500,8500,8500,1,0.298035425,52,700000000
7/22/20,8500,8500,8500,8500,1,0.298035425,52,700000000
7/21/20,8500,8500,8500,8500,6,0.298035425,52,700000000
7/20/20,8500,8500,8500,8500,1,0.297544031,52,700000000
7/17/20,8500,8500,8500,8500,1,0.297544031,52,700000000
7/16/20,8500,8500,8500,8500,1,0.297544031,52,700000000
7/15/20,8500,8500,8500,8500,824,0.297544031,52,700000000
7/14/20,8999,8999,8999,8999,334,0.215583566,52,700000000
7/13/20,8999.9902,8999.9902,8999.9902,8999.9902,161,0.216836492,52,700000000
7/10/20,7500,7500,7500,7500,3624,0.219798859,52,700000000
7/9/20,7000,8000,6811,6811,676,0.219286469,52,700000000
7/8/20,8000,8000,7000,7000,3504,0.219354633,52,700000000
7/7/20,7000,8000,7000,8000,33,0.215153023,52,700000000
7/6/20,7500,7500,7500,7500,1,0.215103869,52,700000000
7/3/20,7500,7500,7500,7500,10,0.215103869,52,700000000
7/2/20,7000,7001,7000,7000,4878,0.216311491,52,700000000
7/1/20,8500,8500,7000,7000,4202,0.216339854,52,700000000
6/30/20,8500,8500,8500,8500,1,0.214260404,52,700000000
6/29/20,8500,8500,8500,8500,1,0.214260404,52,700000000
6/26/20,8500,8500,8500,8500,9,0.214260404,52,700000000
6/25/20,9350,9400,9350,9350,215,0.216086964,52,700000000
6/24/20,9350,9350,9350,9350,1,0.214274264,52,700000000
6/23/20,9350,9350,9350,9350,82,0.214274264,52,700000000
6/22/20,9998.9502,9998.9502,8001,8001,1,0.212107654,52,700000000
6/19/20,9998.9502,9998.9502,8001,8001,22926,0.212107654,52,700000000
6/18/20,9999.9902,10000,9999.9502,9999.9502,1044,0.208320194,52,700000000
6/17/20,9500,9500,9500,9500,1,0.208862579,52,700000000
6/16/20,9999.9902,9999.9902,9999.9902,9999.9902,58,0.207723142,52,700000000
6/15/20,9000,9000,9000,9000,1,0.209608523,52,700000000
6/12/20,9000,9000,9000,9000,30,0.209608523,52,700000000
6/11/20,9000,9000,9000,9000,1,0.206888834,52,700000000
6/10/20,9000,9000,9000,9000,342,0.206888834,52,700000000
6/9/20,8500,8500,8500,8500,210,0.206887742,52,700000000
6/8/20,8999.9902,8999.9902,8999.9902,8999.9902,1,0.205860772,52,700000000
6/5/20,8999.9902,8999.9902,8999.9902,8999.9902,20,0.205860772,52,700000000
6/4/20,8400,8999.9902,8400,8999.9902,37,0.205733921,52,700000000
6/3/20,7000,7000,7000,7000,1,0.206171979,52,700000000
6/2/20,7000,7000,7000,7000,440,0.206171979,52,700000000
6/1/20,6500,6500,6500,6500,1,0.206246027,52,700000000
5/29/20,6500,6500,6500,6500,7,0.206246027,52,700000000
5/28/20,6500,6500,6500,6500,1,0.207612903,52,700000000
5/27/20,6500,6500,6500,6500,504,0.207612903,52,700000000
5/26/20,6500,6500,6500,6500,421,0.211706512,52,700000000
5/25/20,6000,6000,5801,6000,1,0.212370908,52,700000000
5/22/20,6000,6000,5801,6000,5929,0.212370908,52,700000000
5/21/20,6000,6000,5800,5800,3488,0.217725506,52,700000000
5/20/20,6705,6705,6612,6612,121,0.21650562,52,700000000
5/19/20,6600,6612,6600,6612,30,0.214771732,52,700000000
5/18/20,7200,7200,6500,6500,1,0.215434945,52,700000000
5/15/20,7200,7200,6500,6500,548,0.215434945,52,700000000
5/14/20,7200,7200,7200,7200,1,0.215325783,52,700000000
5/13/20,7200,7200,7200,7200,7,0.215325783,52,700000000
5/12/20,8000,8000,7150,8000,213,0.213527298,52,700000000
5/11/20,8000,8000,7150,7150,938,0.209198613,52,700000000
5/8/20,7900,7900,7900,7900,12,0.214364529,52,700000000
5/7/20,7850,7850,7850,7850,106,0.077818854,52,700000000
5/6/20,7899.9902,7899.9902,7800,7800,114,0.135761321,52,700000000
5/5/20,7850,7850,7850,7850,42,0.135539991,52,700000000
5/4/20,7750,7750,7500,7500,94,0.134875445,52,700000000
5/1/20,7499.9902,7499.9902,7499.9902,7499.9902,1,0.134832933,52,700000000
4/30/20,7499.9902,7499.9902,7499.9902,7499.9902,146,0.134832933,52,700000000
4/29/20,7499.9902,7499.9902,6500,6500,1,0.135095071,52,700000000
4/28/20,7499.9902,7499.9902,6500,6500,3025,0.135095071,52,700000000
4/27/20,5500,6600,5500,6600,2355,0.135271744,52,700000000
4/24/20,6767.9902,6767.9902,6767.9902,6767.9902,100,0.134996603,52,700000000
4/23/20,5800,5800,5800,5800,1,0.134857678,52,700000000
4/22/20,5800,5800,5800,5800,6782,0.134857678,52,700000000
4/21/20,5640,5640,5640,5640,66,0.13531807,52,700000000
4/20/20,4700,4700,4700,4700,2237,0.134836752,52,700000000
4/17/20,4500,4501,4500,4500,1500,0.135137125,52,700000000
4/16/20,3239.99,3750,3239.99,3750,1,0.126237376,52,700000000
4/15/20,3239.99,3750,3239.99,3750,1,0.126237376,52,700000000
4/14/20,3239.99,3750,3239.99,3750,1,0.126237376,52,700000000
4/13/20,3239.99,3750,3239.99,3750,1,0.126237376,52,700000000
4/10/20,3239.99,3750,3239.99,3750,1,0.126237376,52,700000000
4/9/20,3239.99,3750,3239.99,3750,1,0.126237376,52,700000000
4/8/20,3239.99,3750,3239.99,3750,1,0.126237376,52,700000000
4/7/20,3239.99,3750,3239.99,3750,1372,0.126237376,52,700000000
4/6/20,2700,2700,2700,2700,2450,0.122364001,52,700000000
4/3/20,2700,2700,2700,2700,785,0.126333752,52,700000000
4/2/20,2160,2500,2160,2500,285,0.126561377,52,700000000
4/1/20,1800,1800,1800,1800,1,0.113051919,52,700000000
3/31/20,1800,1800,1800,1800,2000,0.113051919,52,700000000
3/30/20,1800,1800,1800,1800,1,0.114912959,52,700000000
3/27/20,1800,1800,1800,1800,649,0.114912959,52,700000000
3/26/20,1900,1900,1900,1900,304,0.112500596,52,700000000
3/25/20,1921,1921,1921,1921,1,0.111625388,52,700000000
3/24/20,1921,1921,1921,1921,68,0.111625388,52,700000000
3/23/20,2240,2240,1921,1921,272,0.111604134,52,700000000
3/20/20,1921,1921,1921,1921,1,0.111336199,52,700000000
3/19/20,1921,1921,1921,1921,1,0.111336199,52,700000000
3/18/20,1921,1921,1921,1921,1,0.111336199,52,700000000
3/17/20,1921,1921,1921,1921,1,0.111336199,52,700000000
3/16/20,1921,1921,1921,1921,1,0.111336199,52,700000000
3/13/20,1921,1921,1921,1921,1210,0.111336199,52,700000000
3/12/20,2401,2401,2401,2401,400,0.110207236,52,700000000
3/11/20,3000,3000,3000,3000,50,0.109197271,52,700000000
3/10/20,3400,3400,3400,3400,5,0.109606742,52,700000000
3/9/20,3000,3000,3000,3000,1,0.109978853,52,700000000
3/6/20,3000,3000,3000,3000,1,0.109978853,52,700000000
3/5/20,3000,3000,3000,3000,379,0.109978853,52,700000000
3/4/20,3800,3800,3198,3200,45,0.10872974,52,700000000
3/3/20,3000,3300,3000,3300,1,0.107776748,52,700000000
3/2/20,3000,3300,3000,3300,12519,0.107776748,52,700000000
2/28/20,3000,3000,2801,2801,1,0.112751128,52,700000000
2/27/20,3000,3000,2801,2801,1,0.112751128,52,700000000
2/26/20,3000,3000,2801,2801,1,0.112751128,52,700000000
2/25/20,3000,3000,2801,2801,1,0.112751128,52,700000000
2/24/20,3000,3000,2801,2801,1,0.112751128,52,700000000
2/21/20,3000,3000,2801,2801,455,0.112751128,52,700000000
2/20/20,3500,3500,3500,3500,1,0.109974282,52,700000000
2/19/20,3500,3500,3500,3500,4277,0.109974282,52,700000000
2/18/20,3500,3500,3500,3500,2,0.109597144,52,700000000
2/17/20,3499,3800,3499,3500,130,0.10943619,52,700000000
2/14/20,3499,3499,3499,3499,30,0.109135418,52,700000000
2/13/20,3400,3400,3400,3400,83,0.107998513,52,700000000
2/12/20,3400,3400,3400,3400,1,0.107503681,52,700000000
2/11/20,3400,3400,3400,3400,1,0.107503681,52,700000000
2/10/20,3400,3400,3400,3400,1,0.107503681,52,700000000
2/7/20,3400,3400,3400,3400,5,0.107503681,52,700000000
2/6/20,3400,3400,3400,3400,594,0.112921587,52,700000000
2/5/20,2900,2900,2900,2900,425,0.113278762,52,700000000
2/4/20,2900,2900,2900,2900,1,0.114665942,52,700000000
2/3/20,2900,2900,2900,2900,1,0.114665942,52,700000000
1/31/20,2900,2900,2900,2900,155,0.114665942,52,700000000
1/30/20,2899,2899,2899,2899,1,0.117449741,52,700000000
1/29/20,2899,2899,2899,2899,126,0.117449741,52,700000000
1/28/20,2400,2900,2400,2900,1575,0.116903543,52,700000000
1/27/20,2949.75,2949.75,2949.75,2949.75,6,0.114925829,52,700000000
1/24/20,2949.75,2949.75,2949.75,2949.75,12,0.114790939,52,700000000
1/23/20,2900,2900,2900,2900,50,0.114660831,52,700000000
1/22/20,3000,3000,3000,3000,4830,0.11372951,52,700000000
1/21/20,3000,3000,3000,3000,2,0.113350036,52,700000000
1/20/20,2800,2800,2800,2800,1,0.118472366,52,700000000
1/17/20,2800,2800,2800,2800,1,0.118472366,52,700000000
1/16/20,2800,2800,2800,2800,491,0.118472366,52,700000000
1/15/20,2400,2877.6001,2400,2877.6001,281,0.119258376,52,700000000
1/14/20,2400,2400,2400,2400,10,0.121353191,52,700000000
1/13/20,2399.01,2399.01,2399.01,2399.01,50,0.121538243,52,700000000
1/10/20,1715,2000,1715,2000,1,0.113489405,52,700000000
1/9/20,1715,2000,1715,2000,1,0.113489405,52,700000000
1/8/20,1715,2000,1715,2000,1,0.113489405,52,700000000
1/7/20,1715,2000,1715,2000,80,0.113489405,52,700000000
1/6/20,2500,2500,2500,2500,1,0.115999585,52,700000000
1/3/20,2500,2500,2500,2500,1,0.115999585,52,700000000
1/2/20,2500,2500,2500,2500,10,0.115999585,52,700000000
1/1/20,2500,2500,2500,2500,1,0.116328429,52,700000000
12/31/19,2500,2500,2500,2500,1,0.116328429,52,700000000
12/30/19,2500,2500,2500,2500,11,0.116328429,52,700000000
12/27/19,2500,2500,2500,2500,1,0.116328429,52,700000000