time,open,high,low,close,Volume,Beta,Mkt cap,Total common shares outstanding
2024-12-30,19.5,19.5,19.5,19.5,1080.0,0.269957507,472896907.0,48502248.0
2024-12-27,19.5,19.5,19.5,19.5,19432.0,0.271879711,472896907.0,48502248.0
2024-12-26,19.5,19.5,19.5,19.5,218.0,0.240346548,472896907.0,48502248.0
2024-12-25,19.5,19.5,19.5,19.5,1.0,0.291192932,472896907.0,48502248.0
2024-12-24,19.5,19.5,19.5,19.5,1.0,0.291192932,472896907.0,48502248.0
2024-12-23,19.5,19.5,19.5,19.5,24115.0,0.291192932,472896907.0,48502248.0
2024-12-20,19.5,19.5,19.5,19.5,1.0,0.304553982,465621588.0,48502248.0
2024-12-19,19.5,19.5,19.5,19.5,1.0,0.304553982,465621588.0,48502248.0
2024-12-18,19.5,19.5,19.5,19.5,16.0,0.304553982,465621588.0,48502248.0
2024-12-17,19.49,19.5,19.2,19.2,1528.0,0.304699312,465621588.0,48502248.0
2024-12-16,19.5,19.5,19.49,19.49,588.0,0.30490142,472654390.0,48502248.0
2024-12-13,19.39,19.39,19.39,19.39,26.0,0.305220212,484779952.0,48502248.0
2024-12-12,19.49,19.49,19.49,19.49,1.0,0.30475015,484779952.0,48502248.0
2024-12-11,19.49,19.49,19.49,19.49,10.0,0.30475015,484779952.0,48502248.0
2024-12-10,20.0,20.0,19.99,19.99,61.0,0.30377155,484779952.0,48502248.0
2024-12-09,19.9,19.9,19.9,19.9,5.0,0.303730878,485022469.0,48502248.0
2024-12-06,20.0,20.0,20.0,20.0,121.0,0.30017805,485022469.0,48502248.0
2024-12-05,20.0,20.0,20.0,20.0,595.0,0.2977485,485022469.0,48502248.0
2024-12-04,20.0,20.4,20.0,20.4,502.0,0.383418848,485022469.0,48502248.0
2024-12-03,20.5,20.5,20.5,20.5,1.0,0.379729806,475322028.0,48502248.0
2024-12-02,20.5,20.5,20.5,20.5,4.0,0.379729806,475322028.0,48502248.0
2024-11-29,19.55,19.6,19.55,19.6,288.0,0.406817023,475322028.0,48502248.0
2024-11-28,20.48,20.48,20.48,20.48,8.0,0.396486194,474109445.0,48502248.0
2024-11-27,20.49,20.49,19.55,20.49,10900.0,0.396354033,474109445.0,48502248.0
2024-11-26,21.0,21.0,20.99,20.99,10855.0,0.39493227,473139424.0,48502248.0
2024-11-25,19.51,19.51,19.51,19.51,103.0,0.398050135,473139424.0,48502248.0
2024-11-22,19.5,19.5,19.5,19.5,30.0,0.400187479,472896907.0,48502248.0
2024-11-21,19.5,19.5,19.5,19.5,56.0,0.393654782,472896907.0,48502248.0
2024-11-20,19.5,19.5,19.5,19.5,92.0,0.393667769,472896907.0,48502248.0
2024-11-19,19.5,19.5,19.5,19.5,42.0,0.370436706,478717171.0,48502248.0
2024-11-18,19.75,19.75,19.7,19.74,1.0,0.370160837,478717171.0,48502248.0
2024-11-15,19.75,19.75,19.7,19.74,521.0,0.370160837,478717171.0,48502248.0
2024-11-14,19.85,19.85,19.6,19.6,120.0,0.370431486,475322028.0,48502248.0
2024-11-13,19.9,19.9,19.9,19.9,5.0,0.338158473,481384809.0,48502248.0
2024-11-12,19.85,19.9,19.85,19.9,3681.0,0.33842544,481384809.0,48502248.0
2024-11-11,19.9,19.9,19.9,19.9,10.0,0.337777942,460771345.0,48502248.0
2024-11-08,19.0,19.0,19.0,19.0,615.0,0.340554697,460771345.0,48502248.0
2024-11-07,19.0,19.0,19.0,19.0,20.0,0.338631869,460528828.0,48502248.0
2024-11-06,19.98,19.98,19.98,19.98,50.0,0.336961544,460528828.0,48502248.0
2024-11-05,19.99,19.99,19.99,19.99,38.0,0.336766456,460528828.0,48502248.0
2024-11-04,19.0,19.0,16.15,18.99,1.0,0.337830439,460528828.0,48502248.0
2024-11-01,19.0,19.0,16.15,18.99,1.0,0.337830439,460528828.0,48502248.0
2024-10-31,19.0,19.0,16.15,18.99,1176.0,0.337830439,460528828.0,48502248.0
2024-10-30,19.0,19.0,19.0,19.0,5.0,0.332763139,485022469.0,48502248.0
2024-10-29,20.0,20.0,20.0,20.0,11.0,0.331673042,485022469.0,48502248.0
2024-10-28,20.0,20.0,19.99,19.99,180.0,0.337985175,485022469.0,48502248.0
2024-10-25,20.0,20.0,20.0,20.0,681.0,0.337968995,485022469.0,48502248.0
2024-10-24,23.0,23.0,23.0,23.0,1.0,0.3380143,533524715.0,48502248.0
2024-10-23,23.0,23.0,23.0,23.0,1.0,0.3380143,533524715.0,48502248.0
2024-10-22,23.0,23.0,23.0,23.0,44.0,0.3380143,533524715.0,48502248.0
2024-10-21,25.0,25.0,22.0,22.0,223.0,0.339282167,533524715.0,48502248.0
2024-10-18,21.0,21.0,21.0,21.0,47.0,0.315617153,509273592.0,48502248.0
2024-10-17,21.0,21.0,21.0,21.0,219.0,0.321489085,509273592.0,48502248.0
2024-10-16,21.0,21.0,21.0,21.0,298.0,0.327947899,509273592.0,48502248.0
2024-10-15,21.0,21.0,21.0,21.0,1800.0,0.327821872,509273592.0,48502248.0
2024-10-14,21.0,21.0,21.0,21.0,100.0,0.32779162,509273592.0,48502248.0
2024-10-11,21.0,21.0,21.0,21.0,200.0,0.327653967,509273592.0,48502248.0
2024-10-10,22.5,22.5,22.49,22.49,1.0,0.328439333,545650277.0,48502248.0
2024-10-09,22.5,22.5,22.49,22.49,46.0,0.328439333,545650277.0,48502248.0
2024-10-08,22.49,22.49,22.49,22.49,20.0,0.32913877,545650277.0,48502248.0
2024-10-07,22.5,22.89,22.5,22.89,1.0,0.318869037,545650277.0,48502248.0
2024-10-04,22.5,22.89,22.5,22.89,217.0,0.318869037,545650277.0,48502248.0
2024-10-03,22.89,22.89,22.89,22.89,1.0,0.318897095,557533322.0,48502248.0
2024-10-02,22.89,22.89,22.89,22.89,41.0,0.318897095,557533322.0,48502248.0
2024-10-01,22.97,22.97,22.97,22.97,30.0,0.318767983,557533322.0,48502248.0
2024-09-30,23.0,23.0,23.0,23.0,13.0,0.318468303,557533322.0,48502248.0
2024-09-27,23.0,23.0,22.95,22.99,81.0,0.318497267,557533322.0,48502248.0
2024-09-26,25.0,25.0,25.0,25.0,1.0,0.312838637,606278086.0,48502248.0
2024-09-25,25.0,25.0,25.0,25.0,1.0,0.312838637,606278086.0,48502248.0
2024-09-24,25.0,25.0,25.0,25.0,38.0,0.312838637,606278086.0,48502248.0
2024-09-23,25.0,25.0,25.0,25.0,3.0,0.31225911,630529209.0,48502248.0
2024-09-20,24.0,24.0,24.0,24.0,10.0,0.311147938,630529209.0,48502248.0
2024-09-19,25.0,25.0,25.0,25.0,1.0,0.31398826,630529209.0,48502248.0
2024-09-18,25.0,25.0,25.0,25.0,2.0,0.31398826,630529209.0,48502248.0
2024-09-17,26.0,26.0,26.0,26.0,5.0,0.312436441,630529209.0,48502248.0
2024-09-16,26.0,26.0,26.0,26.0,1.0,0.312154809,630529209.0,48502248.0
2024-09-13,26.0,26.0,26.0,26.0,6.0,0.312154809,630529209.0,48502248.0
2024-09-12,26.0,26.0,26.0,26.0,1.0,0.312463227,630529209.0,48502248.0
2024-09-11,26.0,26.0,26.0,26.0,1.0,0.312463227,630529209.0,48502248.0
2024-09-10,26.0,26.0,26.0,26.0,1.0,0.312463227,630529209.0,48502248.0
2024-09-09,26.0,26.0,26.0,26.0,1.0,0.312463227,630529209.0,48502248.0
2024-09-06,26.0,26.0,26.0,26.0,1.0,0.312463227,630529209.0,48502248.0
2024-09-05,26.0,26.0,26.0,26.0,26.0,0.312463227,630529209.0,48502248.0
2024-09-04,26.0,26.0,26.0,26.0,88.0,0.316279354,630529209.0,48502248.0
2024-09-03,29.950001,29.950001,25.0,25.0,1.0,0.307986407,606278086.0,48502248.0
2024-09-02,29.950001,29.950001,25.0,25.0,1.0,0.307986407,606278086.0,48502248.0
2024-08-30,29.950001,29.950001,25.0,25.0,1.0,0.307986407,606278086.0,48502248.0
2024-08-29,29.950001,29.950001,25.0,25.0,1.0,0.307986407,606278086.0,48502248.0
2024-08-28,29.950001,29.950001,25.0,25.0,1.0,0.307986407,606278086.0,48502248.0
2024-08-27,29.950001,29.950001,25.0,25.0,1.0,0.307986407,606278086.0,48502248.0
2024-08-26,29.950001,29.950001,25.0,25.0,145.0,0.307986407,606278086.0,48502248.0
2024-08-23,25.0,25.0,25.0,25.0,1.0,0.309339292,606278086.0,48502248.0
2024-08-22,25.0,25.0,25.0,25.0,1.0,0.309339292,606278086.0,48502248.0
2024-08-21,25.0,25.0,25.0,25.0,1.0,0.309339292,606278086.0,48502248.0
2024-08-20,25.0,25.0,25.0,25.0,272.0,0.309339292,606278086.0,48502248.0
2024-08-19,25.0,25.0,25.0,25.0,1.0,0.298219503,606278086.0,48502248.0
2024-08-16,25.0,25.0,25.0,25.0,1.0,0.298219503,606278086.0,48502248.0
2024-08-15,25.0,25.0,25.0,25.0,1.0,0.298219503,606278086.0,48502248.0
2024-08-14,25.0,25.0,25.0,25.0,39.0,0.298219503,606278086.0,48502248.0
2024-08-13,25.0,25.0,25.0,25.0,82.0,0.298279545,606278086.0,48502248.0
2024-08-12,28.75,28.75,28.75,28.75,1.0,0.285092154,606278086.0,48502248.0
2024-08-09,28.75,28.75,28.75,28.75,8.0,0.285092154,606278086.0,48502248.0
2024-08-08,25.0,25.0,25.0,25.0,380.0,0.294066497,606278086.0,48502248.0
2024-08-07,28.0,32.0,28.0,32.0,1.0,0.308621194,679031456.0,48502248.0
2024-08-06,28.0,32.0,28.0,32.0,151.0,0.308621194,679031456.0,48502248.0
2024-08-05,27.0,27.0,27.0,27.0,1.0,0.324238292,654780333.0,48502248.0
2024-08-02,27.0,27.0,27.0,27.0,132.0,0.324238292,654780333.0,48502248.0
2024-08-01,28.700001,28.700001,28.700001,28.700001,7.0,0.323463354,654780333.0,48502248.0
2024-07-31,28.700001,28.700001,27.0,27.0,148.0,0.329138167,654780333.0,48502248.0
2024-07-30,21.0,23.99,21.0,23.99,1.0,0.33589906,581784445.0,48502248.0
2024-07-29,21.0,23.99,21.0,23.99,1.0,0.33589906,581784445.0,48502248.0
2024-07-26,21.0,23.99,21.0,23.99,2798.0,0.33589906,581784445.0,48502248.0
2024-07-25,28.799999,28.799999,20.0,20.0,50.0,0.334839202,485022469.0,48502248.0
2024-07-24,28.0,28.0,24.030001,24.030001,1.0,0.34367131,582754513.0,48502248.0
2024-07-23,28.0,28.0,24.030001,24.030001,1.0,0.34367131,582754513.0,48502248.0
2024-07-22,28.0,28.0,24.030001,24.030001,1.0,0.34367131,582754513.0,48502248.0
2024-07-19,28.0,28.0,24.030001,24.030001,3150.0,0.34367131,582754513.0,48502248.0
2024-07-18,28.0,28.0,28.0,28.0,1.0,0.3345402,679031456.0,48502248.0
2024-07-17,28.0,28.0,28.0,28.0,20.0,0.3345402,679031456.0,48502248.0
2024-07-16,23.0,29.5,23.0,29.5,1.0,0.328524785,715408141.0,48502248.0
2024-07-15,23.0,29.5,23.0,29.5,590.0,0.328524785,715408141.0,48502248.0
2024-07-12,27.98,27.98,27.98,27.98,1.0,0.325618229,691157018.0,48502248.0
2024-07-11,29.0,29.0,28.5,28.5,26.0,0.325240418,691157018.0,48502248.0
2024-07-10,29.5,29.5,29.5,29.5,1.0,0.325673808,715408141.0,48502248.0
2024-07-09,29.5,29.5,29.5,29.5,16.0,0.325673808,715408141.0,48502248.0
2024-07-08,28.0,28.0,27.200001,28.0,416.0,0.327835714,659630576.0,48502248.0
2024-07-05,29.5,29.5,29.5,29.5,1.0,0.344742052,654295299.0,48502248.0
2024-07-04,29.5,29.5,29.5,29.5,1.0,0.344742052,654295299.0,48502248.0
2024-07-03,29.5,29.5,29.5,29.5,1.0,0.344742052,654295299.0,48502248.0
2024-07-02,29.5,29.5,29.5,29.5,1.0,0.344742052,654295299.0,48502248.0
2024-07-01,29.5,29.5,29.5,29.5,1.0,0.344742052,654295299.0,48502248.0
2024-06-28,26.98,26.98,26.98,26.98,10.0,0.346110897,654295299.0,48502248.0
2024-06-27,26.98,26.98,26.98,26.98,1.0,0.344472473,654295299.0,48502248.0
2024-06-26,26.98,26.98,26.98,26.98,30.0,0.344472473,654295299.0,48502248.0
2024-06-25,28.5,28.5,28.5,28.5,1.0,0.343093,691157018.0,48502248.0
2024-06-24,28.5,28.5,28.5,28.5,1.0,0.343093,691157018.0,48502248.0
2024-06-21,28.5,28.5,28.5,28.5,1.0,0.343093,691157018.0,48502248.0
2024-06-20,28.5,28.5,28.5,28.5,1.0,0.343093,691157018.0,48502248.0
2024-06-19,28.5,28.5,28.5,28.5,1.0,0.343093,691157018.0,48502248.0
2024-06-18,28.5,28.5,28.5,28.5,111.0,0.343093,691157018.0,48502248.0
2024-06-17,28.6,28.6,28.6,28.6,1.0,0.347969206,693582139.0,48502248.0
2024-06-14,28.6,28.6,28.6,28.6,1.0,0.347969206,693582139.0,48502248.0
2024-06-13,28.6,28.6,28.6,28.6,1.0,0.347969206,693582139.0,48502248.0
2024-06-12,28.6,28.6,28.6,28.6,1.0,0.347969206,693582139.0,48502248.0
2024-06-11,28.6,28.6,28.6,28.6,83.0,0.347969206,693582139.0,48502248.0
2024-06-10,25.0,28.6,25.0,28.6,74.0,0.35105493,693582139.0,48502248.0
2024-06-07,24.0,25.9,24.0,25.9,147.0,0.364864097,582026962.0,48502248.0
2024-06-06,25.9,25.9,25.9,25.9,1.0,0.365286534,628104088.0,48502248.0
2024-06-05,25.9,25.9,25.9,25.9,1.0,0.365286534,628104088.0,48502248.0
2024-06-04,25.9,25.9,25.9,25.9,50.0,0.365286534,628104088.0,48502248.0
2024-06-03,26.0,26.0,26.0,26.0,1.0,0.367236918,628104088.0,48502248.0
2024-05-31,26.0,26.0,26.0,26.0,1.0,0.367236918,628104088.0,48502248.0
2024-05-30,26.0,26.0,26.0,26.0,11.0,0.367236918,628104088.0,48502248.0
2024-05-29,26.0,26.0,26.0,26.0,5.0,0.367608776,628104088.0,48502248.0
2024-05-28,25.9,25.9,25.9,25.9,1.0,0.367706453,628104088.0,48502248.0
2024-05-27,25.9,25.9,25.9,25.9,203.0,0.367706453,628104088.0,48502248.0
2024-05-24,26.389999,26.389999,26.35,26.35,42.0,0.364220134,639017112.0,48502248.0
2024-05-23,24.0,24.0,24.0,24.0,5.0,0.358067038,557775839.0,48502248.0
2024-05-22,23.0,23.0,23.0,23.0,30.0,0.380898421,557775839.0,48502248.0
2024-05-21,26.389999,26.389999,26.389999,26.389999,27.0,0.385313415,639987132.0,48502248.0
2024-05-20,28.450001,28.450001,22.0,22.0,1.0,0.385495366,533524715.0,48502248.0
2024-05-17,28.450001,28.450001,22.0,22.0,62826.0,0.385495366,533524715.0,48502248.0
2024-05-16,28.5,28.5,28.5,28.5,1.0,0.472208288,611613316.0,48502248.0
2024-05-15,28.5,28.5,28.5,28.5,10.0,0.472208288,611613316.0,48502248.0
2024-05-14,20.209999,20.209999,20.209999,20.209999,5.0,0.479990217,611613316.0,48502248.0
2024-05-13,25.219999,25.219999,25.219999,25.219999,1.0,0.425603382,611613316.0,48502248.0
2024-05-10,25.219999,25.219999,25.219999,25.219999,1.0,0.425603382,611613316.0,48502248.0
2024-05-09,25.219999,25.219999,25.219999,25.219999,117.0,0.425603382,611613316.0,48502248.0
2024-05-08,29.9,29.9,29.9,29.9,3.0,0.4238825,763910388.0,48502248.0
2024-05-07,31.5,31.5,31.5,31.5,1.0,0.408079351,763910388.0,48502248.0
2024-05-06,31.5,31.5,31.5,31.5,7.0,0.408079351,763910388.0,48502248.0
2024-05-03,28.5,31.5,28.5,31.5,35.0,0.408143196,763910388.0,48502248.0
2024-05-02,28.75,28.75,28.5,28.5,71.0,0.414577718,691157018.0,48502248.0
2024-05-01,28.75,28.75,28.0,28.75,1.0,0.415879781,697219799.0,48502248.0
2024-04-30,28.75,28.75,28.0,28.75,147.0,0.415879781,697219799.0,48502248.0
2024-04-29,28.75,28.75,28.75,28.75,1.0,0.407740548,697219799.0,48502248.0
2024-04-26,28.75,28.75,28.75,28.75,50.0,0.407740548,697219799.0,48502248.0
2024-04-25,24.0,28.9,24.0,24.0,1.0,0.411475343,582026962.0,48502248.0
2024-04-24,24.0,28.9,24.0,24.0,730.0,0.411475343,582026962.0,48502248.0
2024-04-23,29.5,29.5,29.5,29.5,1.0,0.385385366,715408141.0,48502248.0
2024-04-22,29.5,29.5,29.5,29.5,1.0,0.385385366,715408141.0,48502248.0
2024-04-19,29.5,29.5,29.5,29.5,1.0,0.385385366,715408141.0,48502248.0
2024-04-18,29.5,29.5,29.5,29.5,1.0,0.385385366,715408141.0,48502248.0
2024-04-17,29.5,29.5,29.5,29.5,1.0,0.385385366,715408141.0,48502248.0
2024-04-16,29.5,29.5,29.5,29.5,23.0,0.385385366,715408141.0,48502248.0
2024-04-15,29.0,29.0,29.0,29.0,1.0,0.364938582,714195603.0,48502248.0
2024-04-12,29.0,29.0,29.0,29.0,1.0,0.364938582,714195603.0,48502248.0
2024-04-11,29.0,29.0,29.0,29.0,84.0,0.364938582,714195603.0,48502248.0
2024-04-10,29.450001,29.450001,29.450001,29.450001,79.0,0.361852354,714195603.0,48502248.0
2024-04-09,26.0,26.0,26.0,26.0,1.0,0.35694381,630529209.0,48502248.0
2024-04-08,26.0,26.0,26.0,26.0,340.0,0.35694381,630529209.0,48502248.0
2024-04-05,26.0,26.0,26.0,26.0,1.0,0.357409378,630529209.0,48502248.0
2024-04-04,26.0,26.0,26.0,26.0,18.0,0.357409378,630529209.0,48502248.0
2024-04-03,27.0,27.5,27.0,27.5,1.0,0.385743834,654780333.0,48502248.0
2024-04-02,27.0,27.5,27.0,27.5,1.0,0.385743834,654780333.0,48502248.0
2024-04-01,27.0,27.5,27.0,27.5,70.0,0.385743834,654780333.0,48502248.0
2024-03-29,21.5,21.5,21.5,21.5,1.0,0.376997665,562626082.0,48502248.0
2024-03-28,21.5,21.5,21.5,21.5,1.0,0.376997665,562626082.0,48502248.0
2024-03-27,21.5,21.5,21.5,21.5,2647.0,0.376997665,562626082.0,48502248.0
2024-03-26,24.0,24.0,19.51,19.51,1.0,0.36837657,562626082.0,48502248.0
2024-03-25,24.0,24.0,19.51,19.51,11.0,0.36837657,562626082.0,48502248.0
2024-03-22,24.0,24.0,24.0,24.0,1.0,0.36942737,562626082.0,48502248.0
2024-03-21,24.0,24.0,24.0,24.0,14.0,0.36942737,562626082.0,48502248.0
2024-03-20,23.200001,23.200001,23.200001,23.200001,1.0,0.370956686,562626082.0,48502248.0
2024-03-19,23.200001,23.200001,23.200001,23.200001,1.0,0.370956686,562626082.0,48502248.0
2024-03-18,23.200001,23.200001,23.200001,23.200001,1.0,0.370956686,562626082.0,48502248.0
2024-03-15,23.200001,23.200001,23.200001,23.200001,1.0,0.370956686,562626082.0,48502248.0
2024-03-14,23.200001,23.200001,23.200001,23.200001,69.0,0.370956686,562626082.0,48502248.0
2024-03-13,23.0,23.0,23.0,23.0,1.0,0.377857354,557775839.0,48502248.0
2024-03-12,23.0,23.0,23.0,23.0,80.0,0.377857354,557775839.0,48502248.0
2024-03-11,24.0,24.0,21.0,24.0,1.0,0.370851914,582026962.0,48502248.0
2024-03-08,24.0,24.0,21.0,24.0,211.0,0.370851914,582026962.0,48502248.0
2024-03-07,24.98,24.98,24.98,24.98,11.0,0.378827881,509273592.0,48502248.0
2024-03-06,23.049999,23.049999,21.0,21.0,153.0,0.391295596,509273592.0,48502248.0
2024-03-05,21.0,21.0,21.0,21.0,5.0,0.42281467,465864059.0,48502248.0
2024-03-04,19.209999,19.209999,19.209999,19.209999,90.0,0.427932514,465864059.0,48502248.0
2024-03-01,24.940001,24.940001,24.940001,24.940001,1.0,0.41920235,582026962.0,48502248.0
2024-02-29,24.940001,24.940001,24.940001,24.940001,1.0,0.41920235,582026962.0,48502248.0
2024-02-28,24.940001,24.940001,24.940001,24.940001,2.0,0.41920235,582026962.0,48502248.0
2024-02-27,24.940001,24.940001,21.0,24.0,1.0,0.419226891,582026962.0,48502248.0
2024-02-26,24.940001,24.940001,21.0,24.0,542.0,0.419226891,582026962.0,48502248.0
2024-02-23,24.940001,24.940001,23.99,23.99,42.0,0.419069494,581784445.0,48502248.0
2024-02-22,24.98,24.98,24.0,24.98,40.0,0.418519016,605793052.0,48502248.0
2024-02-21,24.99,24.99,24.98,24.98,222.0,0.413571541,605793052.0,48502248.0
2024-02-20,25.0,25.0,25.0,25.0,30.0,0.410991393,606278086.0,48502248.0
2024-02-19,26.889999,26.889999,26.889999,26.889999,1.0,0.416643059,652112694.0,48502248.0
2024-02-16,26.889999,26.889999,26.889999,26.889999,50.0,0.416643059,652112694.0,48502248.0
2024-02-15,26.98,26.98,26.98,26.98,3.0,0.416878814,654537816.0,48502248.0
2024-02-14,26.99,26.99,26.99,26.99,1.0,0.416869716,654537816.0,48502248.0
2024-02-13,26.99,26.99,26.99,26.99,1.0,0.416869716,654537816.0,48502248.0
2024-02-12,26.99,26.99,26.99,26.99,1.0,0.416869716,654537816.0,48502248.0
2024-02-09,26.99,26.99,26.99,26.99,301.0,0.416869716,654537816.0,48502248.0
2024-02-08,26.99,26.99,26.99,26.99,40.0,0.416578373,654537816.0,48502248.0
2024-02-07,26.99,26.99,26.99,26.99,18.0,0.41350519,654537816.0,48502248.0
2024-02-06,27.6,27.6,27.6,27.6,1.0,0.410691817,669331016.0,48502248.0
2024-02-05,27.6,27.6,27.6,27.6,60.0,0.410691817,669331016.0,48502248.0
2024-02-02,27.700001,27.700001,27.700001,27.700001,10.0,0.407146438,678788939.0,48502248.0
2024-02-01,27.700001,27.700001,27.700001,27.700001,2.0,0.401452394,678788939.0,48502248.0
2024-01-31,27.99,27.99,27.99,27.99,1.0,0.388343178,678788939.0,48502248.0
2024-01-30,27.99,27.99,27.99,27.99,1.0,0.388343178,678788939.0,48502248.0
2024-01-29,27.99,27.99,27.99,27.99,1.0,0.388343178,678788939.0,48502248.0
2024-01-26,27.99,27.99,27.99,27.99,1.0,0.388343178,678788939.0,48502248.0
2024-01-25,27.99,27.99,27.99,27.99,1.0,0.388343178,678788939.0,48502248.0
2024-01-24,27.99,27.99,27.99,27.99,3.0,0.388343178,678788939.0,48502248.0
2024-01-23,27.99,27.99,27.99,27.99,1.0,0.393452445,678788939.0,48502248.0
2024-01-22,27.99,27.99,27.99,27.99,1.0,0.393452445,678788939.0,48502248.0
2024-01-19,27.99,27.99,27.99,27.99,1.0,0.393452445,678788939.0,48502248.0
2024-01-18,27.99,27.99,27.99,27.99,1.0,0.393452445,678788939.0,48502248.0
2024-01-17,27.99,27.99,27.99,27.99,1.0,0.393452445,678788939.0,48502248.0
2024-01-16,27.99,27.99,27.99,27.99,1.0,0.393452445,678788939.0,48502248.0
2024-01-15,27.99,27.99,27.99,27.99,1.0,0.393452445,678788939.0,48502248.0
2024-01-12,27.99,27.99,27.99,27.99,100.0,0.380362068,678788939.0,48502248.0
2024-01-11,27.99,27.99,27.99,27.99,37.0,0.333401553,678788939.0,48502248.0
2024-01-10,27.99,27.99,27.99,27.99,2.0,0.3325235,679031456.0,48502248.0
2024-01-09,28.0,28.99,28.0,28.99,1.0,0.330151854,679031456.0,48502248.0
2024-01-08,28.0,28.99,28.0,28.99,1.0,0.330151854,679031456.0,48502248.0
2024-01-05,28.0,28.99,28.0,28.99,30.0,0.330151854,679031456.0,48502248.0
2024-01-04,28.99,28.99,28.99,28.99,1.0,0.321113487,703040063.0,48502248.0
2024-01-03,28.99,28.99,28.99,28.99,10.0,0.321113487,703040063.0,48502248.0
2024-01-02,28.99,28.99,28.99,28.99,1.0,0.320123849,703040063.0,48502248.0
2024-01-01,28.99,28.99,28.99,28.99,1.0,0.320123849,703040063.0,48502248.0
2023-12-29,28.99,28.99,28.99,28.99,1812.0,0.320123849,703040063.0,48502248.0
2023-12-28,28.99,28.99,28.99,28.99,1.0,0.32064057,703040063.0,48502248.0
2023-12-27,28.99,28.99,28.99,28.99,70.0,0.32064057,703040063.0,48502248.0
2023-12-26,28.99,28.99,28.99,28.99,1.0,0.318582088,703040063.0,48502248.0
2023-12-25,28.99,28.99,28.99,28.99,1.0,0.318582088,703040063.0,48502248.0
2023-12-22,28.99,28.99,28.99,28.99,16.0,0.318582088,703040063.0,48502248.0
2023-12-21,29.0,29.0,29.0,29.0,1.0,0.320641335,703282579.0,48502248.0
2023-12-20,29.0,29.0,29.0,29.0,1.0,0.320641335,703282579.0,48502248.0
2023-12-19,29.0,29.0,29.0,29.0,94.0,0.320641335,703282579.0,48502248.0
2023-12-18,29.0,29.0,29.0,29.0,18.0,0.123046791,703282579.0,48502248.0
2023-12-15,34.5,34.5,34.5,34.5,10.0,0.121571568,836663758.0,48502248.0
2023-12-14,29.0,29.0,29.0,29.0,1.0,0.128254431,703282579.0,48502248.0
2023-12-13,29.0,29.0,29.0,29.0,1.0,0.128254431,703282579.0,48502248.0
2023-12-12,29.0,29.0,29.0,29.0,1.0,0.128254431,703282579.0,48502248.0
2023-12-11,29.0,29.0,29.0,29.0,1.0,0.128254431,703282579.0,48502248.0
2023-12-08,29.0,29.0,29.0,29.0,1.0,0.128254431,703282579.0,48502248.0
2023-12-07,29.0,29.0,29.0,29.0,20.0,0.128254431,703282579.0,48502248.0
2023-12-06,34.5,34.5,34.5,34.5,1.0,0.126567689,703282579.0,48502248.0
2023-12-05,34.5,34.5,34.5,34.5,1.0,0.126567689,703282579.0,48502248.0
2023-12-04,29.0,29.0,29.0,29.0,20.0,0.124458895,703282579.0,48502248.0
2023-12-01,28.85,28.85,28.85,28.85,1.0,0.121350637,699644920.0,48502248.0
2023-11-30,28.85,28.85,28.85,28.85,1.0,0.121350637,699644920.0,48502248.0
2023-11-29,28.85,28.85,28.85,28.85,30.0,0.121350637,699644920.0,48502248.0
2023-11-28,29.9,29.9,29.9,29.9,1.0,0.121969331,727291186.0,48502248.0
2023-11-27,29.9,29.9,29.9,29.9,1.0,0.121969331,727291186.0,48502248.0
2023-11-24,29.9,29.9,29.9,29.9,1.0,0.121969331,727291186.0,48502248.0
2023-11-23,29.9,29.9,29.9,29.9,1.0,0.121969331,727291186.0,48502248.0
2023-11-22,29.9,29.9,29.9,29.9,1.0,0.121969331,727291186.0,48502248.0
2023-11-21,29.9,29.9,29.9,29.9,1.0,0.121969331,727291186.0,48502248.0
2023-11-20,29.9,29.9,29.9,29.9,1.0,0.121969331,727291186.0,48502248.0
2023-11-17,29.9,29.9,29.9,29.9,12.0,0.121969331,727291186.0,48502248.0
2023-11-16,30.0,30.0,28.0,29.99,97.0,0.121551261,727291186.0,48502248.0
2023-11-15,32.0,32.0,32.0,32.0,1.0,0.121310378,654780333.0,48502248.0
2023-11-14,32.0,32.0,32.0,32.0,1.0,0.121310378,654780333.0,48502248.0
2023-11-13,32.0,32.0,32.0,32.0,1.0,0.121310378,654780333.0,48502248.0
2023-11-10,28.299999,28.299999,28.299999,28.299999,1.0,0.124607497,654780333.0,48502248.0
2023-11-09,28.299999,28.299999,28.299999,28.299999,1.0,0.124607497,654780333.0,48502248.0
2023-11-08,28.299999,28.299999,28.299999,28.299999,1.0,0.124607497,654780333.0,48502248.0
2023-11-07,28.299999,28.299999,28.299999,28.299999,1.0,0.124607497,654780333.0,48502248.0
2023-11-06,28.299999,28.299999,28.299999,28.299999,1.0,0.124607497,654780333.0,48502248.0
2023-11-03,28.299999,28.299999,28.299999,28.299999,1.0,0.124607497,654780333.0,48502248.0
2023-11-02,28.299999,28.299999,28.299999,28.299999,1.0,0.124607497,654780333.0,48502248.0
2023-11-01,28.299999,28.299999,28.299999,28.299999,1.0,0.124607497,654780333.0,48502248.0
2023-10-31,28.299999,28.299999,28.299999,28.299999,5013.0,0.124607497,654780333.0,48502248.0
2023-10-30,27.0,27.0,27.0,27.0,1.0,0.125320674,654780333.0,48502248.0
2023-10-27,27.0,27.0,27.0,27.0,1.0,0.125320674,654780333.0,48502248.0
2023-10-26,27.0,27.0,27.0,27.0,62450.0,0.125320674,654780333.0,48502248.0
2023-10-25,27.0,27.0,27.0,27.0,96.0,0.124648975,654780333.0,48502248.0
2023-10-24,27.0,27.0,27.0,27.0,20.0,0.124496644,654780333.0,48502248.0
2023-10-23,26.35,26.35,26.35,26.35,47.0,0.125142042,639017112.0,48502248.0
2023-10-20,25.0,25.0,25.0,25.0,7.0,0.123498123,533282199.0,48502248.0
2023-10-19,20.0,22.0,20.0,21.99,126.0,0.121419532,533282199.0,48502248.0
2023-10-18,20.0,20.0,20.0,20.0,34.0,0.118002173,485022469.0,48502248.0
2023-10-17,16.9,16.9,16.9,16.9,1.0,0.115890302,409843977.0,48502248.0
2023-10-16,16.9,16.9,16.9,16.9,45.0,0.115890302,409843977.0,48502248.0
2023-10-13,14.1,14.1,14.1,14.1,1.0,0.120892239,341940850.0,48502248.0
2023-10-12,14.1,14.1,14.1,14.1,1.0,0.120892239,341940850.0,48502248.0
2023-10-11,14.1,14.1,14.1,14.1,35.0,0.120892239,341940850.0,48502248.0
2023-10-10,21.790001,21.790001,17.5,21.790001,1.0,0.119453745,528432002.0,48502248.0
2023-10-09,21.790001,21.790001,17.5,21.790001,1.0,0.119453745,528432002.0,48502248.0
2023-10-06,21.790001,21.790001,17.5,21.790001,687.0,0.119453745,528432002.0,48502248.0
2023-10-05,21.790001,21.790001,21.790001,21.790001,18.0,0.119640903,528432002.0,48502248.0
2023-10-04,21.780001,21.790001,21.780001,21.790001,63.0,0.119174722,528432002.0,48502248.0
2023-10-03,21.99,21.99,21.790001,21.790001,4007.0,0.119494855,528432002.0,48502248.0
2023-10-02,21.790001,21.790001,21.790001,21.790001,418.0,0.121144277,528432002.0,48502248.0
2023-09-29,21.780001,21.780001,21.780001,21.780001,1.0,0.11793192,528432002.0,48502248.0
2023-09-28,21.780001,21.780001,21.780001,21.780001,1.0,0.11793192,528432002.0,48502248.0
2023-09-27,21.780001,21.780001,21.780001,21.780001,1294.0,0.11793192,528432002.0,48502248.0
2023-09-26,21.780001,21.780001,21.780001,21.780001,1.0,0.11834581,528432002.0,48502248.0
2023-09-25,21.780001,21.780001,21.780001,21.780001,1.0,0.11834581,528432002.0,48502248.0
2023-09-22,21.780001,21.780001,21.780001,21.780001,1.0,0.11834581,528432002.0,48502248.0
2023-09-21,21.780001,21.780001,21.780001,21.780001,1.0,0.11834581,528432002.0,48502248.0
2023-09-20,21.780001,21.780001,21.780001,21.780001,2.0,0.11834581,528432002.0,48502248.0
2023-09-19,21.790001,21.790001,21.790001,21.790001,120.0,0.1204062,528432002.0,48502248.0
2023-09-18,21.799999,21.799999,21.799999,21.799999,1.0,0.126104026,528674472.0,48502248.0
2023-09-15,21.799999,21.799999,21.799999,21.799999,3.0,0.126104026,528674472.0,48502248.0
2023-09-14,21.85,21.85,21.799999,21.799999,1.0,0.126821106,528674472.0,48502248.0
2023-09-13,21.85,21.85,21.799999,21.799999,1.0,0.126821106,528674472.0,48502248.0
2023-09-12,21.85,21.85,21.799999,21.799999,1.0,0.126821106,528674472.0,48502248.0
2023-09-11,21.85,21.85,21.799999,21.799999,1.0,0.126821106,528674472.0,48502248.0
2023-09-08,21.85,21.85,21.799999,21.799999,1.0,0.126821106,528674472.0,48502248.0
2023-09-07,21.85,21.85,21.799999,21.799999,1.0,0.126821106,528674472.0,48502248.0
2023-09-06,21.85,21.85,21.799999,21.799999,1.0,0.126821106,528674472.0,48502248.0
2023-09-05,21.85,21.85,21.799999,21.799999,15.0,0.126821106,528674472.0,48502248.0
2023-09-04,21.99,21.99,21.85,21.99,37.0,0.125359209,533282199.0,48502248.0
2023-09-01,21.99,21.99,21.99,21.99,1.0,0.124894292,533282199.0,48502248.0
2023-08-31,21.99,21.99,21.99,21.99,1.0,0.124894292,533282199.0,48502248.0
2023-08-30,21.99,21.99,21.99,21.99,1.0,0.124894292,533282199.0,48502248.0
2023-08-29,21.99,21.99,21.99,21.99,1.0,0.124894292,533282199.0,48502248.0
2023-08-28,21.99,21.99,21.99,21.99,10.0,0.124894292,533282199.0,48502248.0
2023-08-25,21.99,21.99,21.99,21.99,1.0,0.125555687,533282199.0,48502248.0
2023-08-24,21.99,21.99,21.99,21.99,7.0,0.125555687,533282199.0,48502248.0
2023-08-23,21.99,21.99,21.99,21.99,5.0,0.124597861,533282199.0,48502248.0
2023-08-22,22.0,22.0,22.0,22.0,8.0,0.121088691,533524715.0,48502248.0
2023-08-21,20.200001,20.200001,20.0,20.0,1.0,0.120737072,485022469.0,48502248.0
2023-08-18,20.200001,20.200001,20.0,20.0,7.0,0.120737072,485022469.0,48502248.0
2023-08-17,20.0,20.0,20.0,20.0,1.0,0.122702376,485022469.0,48502248.0
2023-08-16,20.299999,20.299999,20.299999,20.299999,7.0,0.122722497,492297787.0,48502248.0
2023-08-15,20.299999,20.299999,20.299999,20.299999,2.0,0.122221419,492297787.0,48502248.0
2023-08-14,17.0,17.0,17.0,17.0,1.0,0.119082492,412269098.0,48502248.0
2023-08-11,17.0,17.0,17.0,17.0,1.0,0.119082492,412269098.0,48502248.0
2023-08-10,17.0,17.0,17.0,17.0,1.0,0.119082492,412269098.0,48502248.0
2023-08-09,17.0,17.0,17.0,17.0,10.0,0.119082492,412269098.0,48502248.0
2023-08-08,20.0,20.0,17.0,17.0,1.0,0.11574307,412269098.0,48502248.0
2023-08-07,20.0,20.0,17.0,17.0,1.0,0.11574307,412269098.0,48502248.0
2023-08-04,20.0,20.0,17.0,17.0,47.0,0.11574307,412269098.0,48502248.0
2023-08-03,17.0,17.0,16.799999,16.799999,1.0,0.110487905,407418855.0,48502248.0
2023-08-02,17.0,17.0,16.799999,16.799999,1.0,0.110487905,407418855.0,48502248.0
2023-08-01,17.0,17.0,16.799999,16.799999,140.0,0.110487905,407418855.0,48502248.0
2023-07-31,16.799999,16.799999,16.799999,16.799999,5.0,0.1019924,407418855.0,48502248.0
2023-07-28,16.75,16.75,16.75,16.75,1.0,0.101367023,406206317.0,48502248.0
2023-07-27,16.75,16.75,16.75,16.75,1.0,0.101367023,406206317.0,48502248.0
2023-07-26,16.75,16.75,16.75,16.75,1.0,0.101367023,406206317.0,48502248.0
2023-07-25,16.75,16.75,16.75,16.75,1.0,0.101367023,406206317.0,48502248.0
2023-07-24,16.75,16.75,16.75,16.75,1.0,0.101367023,406206317.0,48502248.0
2023-07-21,16.75,16.75,16.75,16.75,1.0,0.101367023,406206317.0,48502248.0
2023-07-20,16.799999,16.799999,16.799999,16.799999,1.0,0.101111388,407418855.0,48502248.0
2023-07-19,17.0,17.0,17.0,17.0,11.0,0.098365044,412269098.0,48502248.0
2023-07-18,17.0,17.0,17.0,17.0,10.0,0.101962555,412269098.0,48502248.0
2023-07-17,17.0,17.0,17.0,17.0,40.0,0.101978805,412269098.0,48502248.0
2023-07-14,14.5,14.5,14.5,14.5,62441.0,0.100268426,351641290.0,48502248.0
2023-07-13,17.0,17.0,17.0,17.0,10.0,0.10182145,412269098.0,48502248.0
2023-07-12,17.4,17.49,17.4,17.49,1.0,0.101398153,424152143.0,48502248.0
2023-07-11,17.4,17.49,17.4,17.49,1.0,0.101398153,424152143.0,48502248.0
2023-07-10,17.4,17.49,17.4,17.49,16.0,0.101398153,424152143.0,48502248.0
2023-07-07,17.0,17.0,17.0,17.0,8.0,0.101418934,412269098.0,48502248.0
2023-07-06,17.6,17.6,17.6,17.6,2.0,0.101173392,426819782.0,48502248.0
2023-07-05,17.75,17.75,17.75,17.75,1.0,0.101107541,430457441.0,48502248.0
2023-07-04,17.75,17.75,17.75,17.75,21.0,0.101107541,430457441.0,48502248.0
2023-07-03,17.75,17.75,17.75,17.75,1.0,0.10117905,430457441.0,48502248.0
2023-06-30,17.75,17.75,17.75,17.75,1.0,0.10117905,430457441.0,48502248.0
2023-06-29,17.75,17.75,17.75,17.75,15065.0,0.10117905,430457441.0,48502248.0
2023-06-28,15.0,15.0,15.0,15.0,150.0,0.098613631,363766851.0,48502248.0
2023-06-27,13.8,13.8,13.8,13.8,200.0,0.098851406,334665508.0,48502248.0
2023-06-26,11.5,11.5,11.5,11.5,90.0,0.103227844,278887919.0,48502248.0
2023-06-23,12.0,14.35,12.0,14.35,104.0,0.100805686,348003630.0,48502248.0
2023-06-22,12.0,12.0,12.0,12.0,1.0,0.102533421,291013481.0,48502248.0
2023-06-21,12.0,12.0,12.0,12.0,1.0,0.102533421,291013481.0,48502248.0
2023-06-20,12.0,12.0,12.0,12.0,1.0,0.102533421,291013481.0,48502248.0
2023-06-19,12.0,12.0,12.0,12.0,1.0,0.102533421,291013481.0,48502248.0
2023-06-16,12.0,12.0,12.0,12.0,1.0,0.102533421,291013481.0,48502248.0
2023-06-15,12.0,12.0,12.0,12.0,224.0,0.102533421,291013481.0,48502248.0
2023-06-14,12.0,12.0,11.21,11.21,184.0,0.10314901,271855095.0,48502248.0
2023-06-13,14.0,14.0,14.0,14.0,1.0,0.106974549,339515728.0,48502248.0
2023-06-12,14.0,14.0,14.0,14.0,1.0,0.106974549,339515728.0,48502248.0
2023-06-09,14.0,14.0,14.0,14.0,1.0,0.106974549,339515728.0,48502248.0
2023-06-08,14.0,14.0,14.0,14.0,1.0,0.106974549,339515728.0,48502248.0
2023-06-07,14.0,14.0,14.0,14.0,1.0,0.106974549,339515728.0,48502248.0
2023-06-06,14.0,14.0,14.0,14.0,1.0,0.106974549,339515728.0,48502248.0
2023-06-05,14.0,14.0,14.0,14.0,1.0,0.106974549,339515728.0,48502248.0
2023-06-02,14.0,14.0,14.0,14.0,1.0,0.106974549,339515728.0,48502248.0
2023-06-01,14.0,14.0,14.0,14.0,218.0,0.106974549,339515728.0,48502248.0
2023-05-31,14.0,14.0,14.0,14.0,1.0,0.107050616,339515728.0,48502248.0
2023-05-30,14.0,14.0,14.0,14.0,25001.0,0.107050616,339515728.0,48502248.0
2023-05-29,14.0,14.0,14.0,14.0,1.0,0.106975809,339515728.0,48502248.0
2023-05-26,14.0,14.0,14.0,14.0,151.0,0.106975809,339515728.0,48502248.0
2023-05-25,14.0,14.0,14.0,14.0,1.0,0.107484284,339515728.0,48502248.0
2023-05-24,13.0,14.0,13.0,14.0,1.0,0.107390181,339515728.0,48502248.0
2023-05-23,13.0,14.0,13.0,14.0,1.0,0.107390181,339515728.0,48502248.0
2023-05-22,13.0,14.0,13.0,14.0,1.0,0.107390181,339515728.0,48502248.0
2023-05-19,13.0,14.0,13.0,14.0,1.0,0.107390181,339515728.0,48502248.0
2023-05-18,13.0,14.0,13.0,14.0,33.0,0.107390181,339515728.0,48502248.0
2023-05-17,14.0,14.0,14.0,14.0,2.0,0.11147931,339515728.0,48502248.0
2023-05-16,14.0,14.0,14.0,14.0,2.0,0.112124276,339515728.0,48502248.0
2023-05-15,14.55,14.55,14.55,14.55,1.0,0.110035358,352853851.0,48502248.0
2023-05-12,14.55,14.55,14.55,14.55,1.0,0.110035358,352853851.0,48502248.0
2023-05-11,14.55,14.55,14.55,14.55,1.0,0.110035358,352853851.0,48502248.0
2023-05-10,14.55,14.55,14.55,14.55,16.0,0.110035358,352853851.0,48502248.0
2023-05-09,14.55,14.55,14.55,14.55,1.0,0.111363398,352853851.0,48502248.0
2023-05-08,14.55,14.55,14.55,14.55,1.0,0.111363398,352853851.0,48502248.0
2023-05-05,14.55,14.55,14.55,14.55,1.0,0.111363398,352853851.0,48502248.0
2023-05-04,14.55,14.55,14.55,14.55,1.0,0.111363398,352853851.0,48502248.0
2023-05-03,14.55,14.55,14.55,14.55,3.0,0.111363398,352853851.0,48502248.0
2023-05-02,15.44,15.44,15.44,15.44,10.0,0.110883693,374437336.0,48502248.0
2023-05-01,14.54,15.44,14.54,15.44,1.0,0.11122367,374437336.0,48502248.0
2023-04-28,14.54,15.44,14.54,15.44,1.0,0.11122367,374437336.0,48502248.0
2023-04-27,14.54,15.44,14.54,15.44,44843.0,0.11122367,374437336.0,48502248.0
2023-04-26,14.55,14.55,14.55,14.55,1.0,0.110391935,352853851.0,48502248.0
2023-04-25,14.55,14.55,14.55,14.55,1.0,0.110391935,352853851.0,48502248.0
2023-04-24,14.55,14.55,14.55,14.55,1.0,0.110391935,352853851.0,48502248.0
2023-04-21,14.55,14.55,14.55,14.55,1.0,0.110391935,352853851.0,48502248.0
2023-04-20,14.55,14.55,14.55,14.55,1.0,0.110391935,352853851.0,48502248.0
2023-04-19,14.55,14.55,14.55,14.55,1.0,0.110391935,352853851.0,48502248.0
2023-04-18,14.55,14.55,14.55,14.55,1.0,0.110391935,352853851.0,48502248.0
2023-04-17,14.55,14.55,14.55,14.55,1.0,0.110391935,352853851.0,48502248.0
2023-04-14,14.55,14.55,14.55,14.55,167.0,0.110391935,352853851.0,48502248.0
2023-04-13,14.65,14.65,14.65,14.65,1.0,0.109502783,355278949.0,48502248.0
2023-04-12,14.65,14.65,14.65,14.65,1.0,0.109502783,355278949.0,48502248.0
2023-04-11,14.65,14.65,14.65,14.65,1.0,0.109502783,355278949.0,48502248.0
2023-04-10,14.65,14.65,14.65,14.65,1.0,0.109502783,355278949.0,48502248.0
2023-04-07,14.65,14.65,14.65,14.65,1.0,0.109502783,355278949.0,48502248.0
2023-04-06,14.65,14.65,14.65,14.65,1.0,0.109502783,355278949.0,48502248.0
2023-04-05,14.65,14.65,14.65,14.65,18.0,0.109502783,355278949.0,48502248.0
2023-04-04,14.65,14.65,14.65,14.65,1.0,0.107032878,355278949.0,48502248.0
2023-04-03,14.65,14.65,14.65,14.65,1.0,0.107032878,355278949.0,48502248.0
2023-03-31,14.65,14.65,14.65,14.65,1.0,0.107032878,355278949.0,48502248.0
2023-03-30,14.65,14.65,14.65,14.65,10359.0,0.107032878,355278949.0,48502248.0
2023-03-29,13.95,13.95,13.95,13.95,8.0,0.106692235,338303167.0,48502248.0
2023-03-28,13.95,13.95,13.95,13.95,1.0,0.10656892,338303167.0,48502248.0
2023-03-27,13.95,13.95,13.95,13.95,100.0,0.10656892,338303167.0,48502248.0
2023-03-24,14.75,14.75,14.75,14.75,1.0,0.105064648,357704071.0,48502248.0
2023-03-23,14.75,14.75,14.75,14.75,1.0,0.105064648,357704071.0,48502248.0
2023-03-22,14.75,14.75,14.75,14.75,1.0,0.105064648,357704071.0,48502248.0
2023-03-21,14.75,14.75,14.75,14.75,1.0,0.105064648,357704071.0,48502248.0
2023-03-20,14.75,14.75,14.75,14.75,1.0,0.105064648,357704071.0,48502248.0
2023-03-17,14.75,14.75,14.75,14.75,1.0,0.105064648,357704071.0,48502248.0
2023-03-16,14.75,14.75,14.75,14.75,1.0,0.105064648,357704071.0,48502248.0
2023-03-15,14.75,14.75,14.75,14.75,8.0,0.105064648,357704071.0,48502248.0
2023-03-14,14.75,14.75,14.75,14.75,1.0,0.104834449,357704071.0,48502248.0
2023-03-13,14.75,14.75,14.75,14.75,2.0,0.104834449,357704071.0,48502248.0
2023-03-10,14.75,14.75,14.75,14.75,12.0,0.104623327,357704071.0,48502248.0
2023-03-09,14.75,14.75,14.75,14.75,1.0,0.104714669,357704071.0,48502248.0
2023-03-08,14.75,14.75,14.75,14.75,1.0,0.104714669,357704071.0,48502248.0
2023-03-07,14.75,14.75,14.75,14.75,10.0,0.104714669,357704071.0,48502248.0
2023-03-06,14.75,14.75,14.75,14.75,5.0,0.106320697,357704071.0,48502248.0
2023-03-03,14.75,14.75,14.75,14.75,5.0,0.106198758,357704071.0,48502248.0
2023-03-02,14.75,14.75,14.75,14.75,1.0,0.106136991,357704071.0,48502248.0
2023-03-01,14.75,14.75,14.75,14.75,4.0,0.106136991,357704071.0,48502248.0
2023-02-28,14.75,14.75,14.75,14.75,1.0,0.106592881,357704071.0,48502248.0
2023-02-27,14.75,14.75,14.75,14.75,8.0,0.106592881,357704071.0,48502248.0
2023-02-24,15.0,15.0,15.0,15.0,1.0,0.106252631,363766851.0,48502248.0
2023-02-23,15.0,15.0,15.0,15.0,150.0,0.106252631,363766851.0,48502248.0
2023-02-22,14.0,14.74,14.0,14.74,1.0,0.106494736,357461554.0,48502248.0
2023-02-21,14.0,14.74,14.0,14.74,1.0,0.106494736,357461554.0,48502248.0
2023-02-20,14.0,14.74,14.0,14.74,1.0,0.106494736,357461554.0,48502248.0
2023-02-17,14.0,14.74,14.0,14.74,10.0,0.106494736,357461554.0,48502248.0
2023-02-16,14.75,14.75,14.75,14.75,1.0,0.107174935,357704071.0,48502248.0
2023-02-15,14.75,14.75,14.75,14.75,1.0,0.107174935,357704071.0,48502248.0
2023-02-14,14.75,14.75,14.75,14.75,284.0,0.107174935,357704071.0,48502248.0
2023-02-13,14.75,14.75,14.75,14.75,1.0,0.105866508,357704071.0,48502248.0
2023-02-10,14.75,14.75,14.75,14.75,16.0,0.105866508,357704071.0,48502248.0
2023-02-09,14.17,14.17,14.17,14.17,207.0,0.106318265,343638421.0,48502248.0
2023-02-08,11.81,11.81,11.81,11.81,16.0,0.108273888,286405778.0,48502248.0
2023-02-07,14.75,14.75,14.75,14.75,1.0,0.107145998,357704071.0,48502248.0
2023-02-06,14.75,14.75,14.75,14.75,49.0,0.107145998,357704071.0,48502248.0
2023-02-03,14.75,14.75,14.75,14.75,5.0,0.108468574,357704071.0,48502248.0
2023-02-02,14.5,14.5,14.5,14.5,1.0,0.10877902,351641290.0,48502248.0
2023-02-01,14.5,14.5,14.5,14.5,10.0,0.10877902,351641290.0,48502248.0
2023-01-31,14.75,14.75,14.75,14.75,100.0,0.108688682,357704071.0,48502248.0
2023-01-30,14.4,14.75,14.4,14.75,1.0,0.109684035,357704071.0,48502248.0
2023-01-27,14.4,14.75,14.4,14.75,1.0,0.109684035,357704071.0,48502248.0
2023-01-26,14.4,14.75,14.4,14.75,1.0,0.109684035,357704071.0,48502248.0
2023-01-25,14.4,14.75,14.4,14.75,18.0,0.109684035,357704071.0,48502248.0
2023-01-24,14.5,14.75,14.5,14.75,257.0,0.119886929,357704071.0,48502248.0
2023-01-23,13.3,13.3,13.3,13.3,26.0,0.117130279,322539946.0,48502248.0
2023-01-20,13.3,13.3,13.3,13.3,1.0,0.106216881,322539946.0,48502248.0
2023-01-19,13.3,13.3,13.3,13.3,1.0,0.106216881,322539946.0,48502248.0
2023-01-18,13.3,13.3,13.3,13.3,15.0,0.106216881,322539946.0,48502248.0
2023-01-17,13.15,13.15,13.15,13.15,62478.0,0.106482919,318902264.0,48502248.0
2023-01-16,12.2,12.2,12.2,12.2,75.0,0.106400076,295863701.0,48502248.0
2023-01-13,10.2,10.2,10.2,10.2,8.0,0.115547595,247361454.0,48502248.0
2023-01-12,8.51,8.51,8.51,8.51,35.0,0.112592716,206377066.0,48502248.0
2023-01-11,9.85,9.85,9.85,9.85,35.0,0.112235276,238873575.0,48502248.0
2023-01-10,12.3,12.3,12.3,12.3,1.0,0.133527542,298288823.0,48502248.0
2023-01-09,12.3,12.3,12.3,12.3,1.0,0.133527542,298288823.0,48502248.0
2023-01-06,12.3,12.3,12.3,12.3,1.0,0.133527542,298288823.0,48502248.0
2023-01-05,12.3,12.3,12.3,12.3,1.0,0.133527542,298288823.0,48502248.0
2023-01-04,12.3,12.3,12.3,12.3,1.0,0.133527542,298288823.0,48502248.0
2023-01-03,12.3,12.3,12.3,12.3,1.0,0.133527542,298288823.0,48502248.0
2023-01-02,12.3,12.3,12.3,12.3,6.0,0.133527542,298288823.0,48502248.0
2022-12-30,12.3,12.3,12.3,12.3,17.0,0.136071195,298288823.0,48502248.0
2022-12-29,12.3,12.3,12.3,12.3,1.0,0.135675739,298288823.0,48502248.0
2022-12-28,12.3,12.3,12.3,12.3,1.0,0.135675739,298288823.0,48502248.0
2022-12-27,12.3,12.3,12.3,12.3,320.0,0.135675739,298288823.0,48502248.0
2022-12-26,10.29,10.29,10.29,10.29,35.0,0.129585037,249544059.0,48502248.0
2022-12-23,10.29,10.29,10.29,10.29,1.0,0.127695944,249544059.0,48502248.0
2022-12-22,10.29,10.29,10.29,10.29,1.0,0.127695944,249544059.0,48502248.0
2022-12-21,10.29,10.29,10.29,10.29,1.0,0.127695944,249544059.0,48502248.0
2022-12-20,10.29,10.29,10.29,10.29,31.0,0.127695944,249544059.0,48502248.0
2022-12-19,10.28,10.29,10.28,10.29,1.0,0.135987548,249544059.0,48502248.0
2022-12-16,10.28,10.29,10.28,10.29,1.0,0.135987548,249544059.0,48502248.0
2022-12-15,10.28,10.29,10.28,10.29,191.0,0.135987548,249544059.0,48502248.0
2022-12-14,10.3,10.3,10.3,10.3,18.0,0.136288526,249786576.0,48502248.0
2022-12-13,10.3,10.3,10.3,10.3,166.0,0.136548488,249786576.0,48502248.0
2022-12-12,10.3,10.3,10.3,10.3,1.0,0.134124354,249786576.0,48502248.0
2022-12-09,10.3,10.3,10.3,10.3,135.0,0.134124354,249786576.0,48502248.0
2022-12-08,10.3,10.3,10.3,10.3,1.0,0.137628296,249786576.0,48502248.0
2022-12-07,10.3,10.3,10.3,10.3,5.0,0.137628296,249786576.0,48502248.0
2022-12-06,10.3,10.3,10.3,10.3,1.0,0.137473256,249786576.0,48502248.0
2022-12-05,10.3,10.3,10.3,10.3,37.0,0.137473256,249786576.0,48502248.0
2022-12-02,11.0,11.0,10.3,10.3,18.0,0.136813315,249786576.0,48502248.0
2022-12-01,10.3,10.3,10.3,10.3,1.0,0.143403758,249786576.0,48502248.0
2022-11-30,10.3,10.3,10.3,10.3,56.0,0.143403758,249786576.0,48502248.0
2022-11-29,8.6,8.6,8.6,8.6,1.0,0.121828111,208559671.0,48502248.0
2022-11-28,8.6,8.6,8.6,8.6,1.0,0.121828111,208559671.0,48502248.0
2022-11-25,8.6,8.6,8.6,8.6,1.0,0.121828111,208559671.0,48502248.0
2022-11-24,8.6,8.6,8.6,8.6,1.0,0.121828111,208559671.0,48502248.0
2022-11-23,8.6,8.6,8.6,8.6,1.0,0.121828111,208559671.0,48502248.0
2022-11-22,8.6,8.6,8.6,8.6,1.0,0.121828111,208559671.0,48502248.0
2022-11-21,8.6,8.6,8.6,8.6,1.0,0.121828111,208559671.0,48502248.0
2022-11-18,8.6,8.6,8.6,8.6,1.0,0.121828111,208559671.0,48502248.0
2022-11-17,8.99,8.99,8.99,8.99,1.0,0.122148552,218017594.0,48502248.0
2022-11-16,8.99,8.99,8.99,8.99,56.0,0.122148552,218017594.0,48502248.0
2022-11-15,7.5,7.5,7.5,7.5,1.0,0.11716735,181883426.0,48502248.0
2022-11-14,7.5,7.5,7.5,7.5,1.0,0.11716735,181883426.0,48502248.0
2022-11-11,7.5,7.5,7.5,7.5,36.0,0.11716735,181883426.0,48502248.0
2022-11-10,7.5,7.5,7.5,7.5,62455.0,0.119176638,181883426.0,48502248.0
2022-11-09,7.49,7.49,7.49,7.49,10.0,0.119848987,181640909.0,48502248.0
2022-11-08,7.05,7.05,7.05,7.05,27.0,0.119996349,170970425.0,48502248.0
2022-11-07,7.99,7.99,7.5,7.5,7.0,0.119704818,181883426.0,48502248.0
2022-11-04,8.0,8.0,7.99,7.99,1.0,0.119390149,193766471.0,48502248.0
2022-11-03,8.0,8.0,7.99,7.99,1.0,0.119390149,193766471.0,48502248.0
2022-11-02,8.0,8.0,7.99,7.99,1.0,0.119390149,193766471.0,48502248.0
2022-11-01,8.0,8.0,7.99,7.99,1.0,0.119390149,193766471.0,48502248.0
2022-10-31,8.0,8.0,7.99,7.99,1.0,0.119390149,193766471.0,48502248.0
2022-10-28,8.0,8.0,7.99,7.99,45.0,0.119390149,193766471.0,48502248.0
2022-10-27,9.2,9.2,9.2,9.2,1.0,0.120253031,223110331.0,48502248.0
2022-10-26,9.2,9.2,9.2,9.2,1.0,0.120253031,223110331.0,48502248.0
2022-10-25,9.2,9.2,9.2,9.2,1.0,0.120253031,223110331.0,48502248.0
2022-10-24,9.2,9.2,9.2,9.2,1.0,0.120253031,223110331.0,48502248.0
2022-10-21,9.2,9.2,9.2,9.2,1.0,0.120253031,223110331.0,48502248.0
2022-10-20,9.2,9.2,9.2,9.2,32.0,0.120253031,223110331.0,48502248.0
2022-10-19,9.2,9.2,9.2,9.2,17.0,0.119765252,223110331.0,48502248.0
2022-10-18,8.0,8.0,8.0,8.0,1.0,0.121446726,194008987.0,48502248.0
2022-10-17,8.0,8.0,8.0,8.0,1.0,0.121446726,194008987.0,48502248.0
2022-10-14,8.0,8.0,8.0,8.0,4.0,0.121446726,194008987.0,48502248.0
2022-10-13,8.0,8.0,8.0,8.0,5.0,0.120078284,194008987.0,48502248.0
2022-10-12,8.0,8.0,8.0,8.0,1.0,0.120328021,194008987.0,48502248.0
2022-10-11,8.0,8.0,8.0,8.0,1.0,0.120328021,194008987.0,48502248.0
2022-10-10,9.0,9.0,9.0,9.0,1.0,0.12444648,218260111.0,48502248.0
2022-10-07,9.0,9.0,9.0,9.0,1.0,0.12444648,218260111.0,48502248.0
2022-10-06,9.0,9.0,9.0,9.0,1.0,0.12444648,218260111.0,48502248.0
2022-10-05,9.0,9.0,9.0,9.0,10.0,0.12444648,218260111.0,48502248.0
2022-10-04,9.0,9.0,9.0,9.0,1.0,0.127232791,218260111.0,48502248.0
2022-10-03,9.0,9.0,9.0,9.0,1.0,0.127232791,218260111.0,48502248.0
2022-09-30,9.0,9.0,9.0,9.0,27.0,0.127232791,218260111.0,48502248.0
2022-09-29,8.0,8.0,8.0,8.0,1.0,0.128054944,194008987.0,48502248.0
2022-09-28,8.0,8.0,8.0,8.0,62487.0,0.128054944,194008987.0,48502248.0
2022-09-27,9.0,9.0,9.0,9.0,5.0,0.127922921,218260111.0,48502248.0
2022-09-26,8.6,8.6,8.5,8.5,1.0,0.130277141,206134549.0,48502248.0
2022-09-23,8.6,8.6,8.5,8.5,1.0,0.130277141,206134549.0,48502248.0
2022-09-22,8.6,8.6,8.5,8.5,13.0,0.130277141,206134549.0,48502248.0
2022-09-21,8.9,8.9,8.5,8.5,1.0,0.134046818,206134549.0,48502248.0
2022-09-20,8.9,8.9,8.5,8.5,1.0,0.134046818,206134549.0,48502248.0
2022-09-19,8.9,8.9,8.5,8.5,14.0,0.134046818,206134549.0,48502248.0
2022-09-16,8.25,8.5,8.25,8.5,79.0,0.133607102,206134549.0,48502248.0
2022-09-15,8.25,8.25,8.25,8.25,50.0,0.136554349,200071768.0,48502248.0
2022-09-14,8.0,8.0,8.0,8.0,1.0,0.137831898,194008987.0,48502248.0
2022-09-13,8.0,8.0,8.0,8.0,1.0,0.137831898,194008987.0,48502248.0
2022-09-12,8.0,8.0,8.0,8.0,1.0,0.137831898,194008987.0,48502248.0
2022-09-09,8.0,8.0,8.0,8.0,1.0,0.137831898,194008987.0,48502248.0
2022-09-08,8.0,8.0,8.0,8.0,1.0,0.137831898,194008987.0,48502248.0
2022-09-07,8.0,8.0,8.0,8.0,66.0,0.137831898,194008987.0,48502248.0
2022-09-06,7.0,8.0,7.0,8.0,58.0,0.136961222,194008987.0,48502248.0
2022-09-05,8.5,8.5,8.5,8.5,1.0,0.136185393,206134549.0,48502248.0
2022-09-02,8.5,8.5,8.5,8.5,1.0,0.136185393,206134549.0,48502248.0
2022-09-01,8.5,8.5,8.5,8.5,1.0,0.136185393,206134549.0,48502248.0
2022-08-31,8.5,8.5,8.5,8.5,4.0,0.136185393,206134549.0,48502248.0
2022-08-30,8.5,8.5,8.5,8.5,116.0,0.140720067,206134549.0,48502248.0
2022-08-29,8.5,8.5,8.5,8.5,1.0,0.139997779,206134549.0,48502248.0
2022-08-26,8.5,8.5,8.5,8.5,2.0,0.139997779,206134549.0,48502248.0
2022-08-25,8.0,8.5,8.0,8.5,110.0,0.139982498,206134549.0,48502248.0
2022-08-24,8.0,8.0,8.0,8.0,1.0,0.144979737,194008987.0,48502248.0
2022-08-23,8.0,8.0,8.0,8.0,1.0,0.144979737,194008987.0,48502248.0
2022-08-22,8.0,8.0,8.0,8.0,1.0,0.144979737,194008987.0,48502248.0
2022-08-19,8.0,8.0,8.0,8.0,200.0,0.144979737,194008987.0,48502248.0
2022-08-18,8.0,8.0,7.0,7.0,1.0,0.135378408,169757864.0,48502248.0
2022-08-17,8.0,8.0,7.0,7.0,85.0,0.135378408,169757864.0,48502248.0
2022-08-16,7.8,7.8,7.8,7.8,1443.0,0.134812506,189158767.0,48502248.0
2022-08-15,7.8,7.8,7.8,7.8,1.0,0.13519777,189158767.0,48502248.0
2022-08-12,7.8,7.8,7.8,7.8,1.0,0.13519777,189158767.0,48502248.0
2022-08-11,7.8,7.8,7.8,7.8,1.0,0.13519777,189158767.0,48502248.0
2022-08-10,7.8,7.8,7.8,7.8,1.0,0.13519777,189158767.0,48502248.0
2022-08-09,7.8,7.8,7.8,7.8,1.0,0.13519777,189158767.0,48502248.0
2022-08-08,7.8,7.8,7.0,7.8,1.0,0.136802022,189158767.0,48502248.0
2022-08-05,7.8,7.8,7.0,7.8,14.0,0.136802022,189158767.0,48502248.0
2022-08-04,7.81,7.81,7.81,7.81,1.0,0.137628143,189401273.0,48502248.0
2022-08-03,7.81,7.81,7.81,7.81,48.0,0.137628143,189401273.0,48502248.0
2022-08-02,7.81,7.81,7.81,7.81,1.0,0.137625172,189401273.0,48502248.0
2022-08-01,7.81,7.81,7.81,7.81,1.0,0.137625172,189401273.0,48502248.0
2022-07-29,7.81,7.81,7.81,7.81,1.0,0.137625172,189401273.0,48502248.0
2022-07-28,7.81,7.81,7.81,7.81,1.0,0.137625172,189401273.0,48502248.0
2022-07-27,7.81,7.81,7.81,7.81,1.0,0.137625172,189401273.0,48502248.0
2022-07-26,7.81,7.81,7.81,7.81,1.0,0.137625172,189401273.0,48502248.0
2022-07-25,7.81,7.81,7.81,7.81,1.0,0.137625172,189401273.0,48502248.0
2022-07-22,7.81,7.81,7.81,7.81,1.0,0.137625172,189401273.0,48502248.0
2022-07-21,7.81,7.81,7.81,7.81,1.0,0.137625172,189401273.0,48502248.0
2022-07-20,7.81,7.81,7.81,7.81,8.0,0.137625172,189401273.0,48502248.0
2022-07-19,8.99,8.99,8.99,8.99,1.0,0.136989475,218017594.0,48502248.0
2022-07-18,8.99,8.99,8.99,8.99,445.0,0.136989475,218017594.0,48502248.0
2022-07-15,9.0,9.0,9.0,9.0,1.0,0.138944248,218260111.0,48502248.0
2022-07-14,9.0,9.0,9.0,9.0,1.0,0.138944248,218260111.0,48502248.0
2022-07-13,9.0,9.0,9.0,9.0,1.0,0.138944248,218260111.0,48502248.0
2022-07-12,9.0,9.0,9.0,9.0,1.0,0.138944248,218260111.0,48502248.0
2022-07-11,9.0,9.0,9.0,9.0,1.0,0.138944248,218260111.0,48502248.0
2022-07-08,9.0,9.0,9.0,9.0,1.0,0.138944248,218260111.0,48502248.0
2022-07-07,9.0,9.0,9.0,9.0,1.0,0.138944248,218260111.0,48502248.0
2022-07-06,9.0,9.0,9.0,9.0,38.0,0.138944248,218260111.0,48502248.0
2022-07-05,9.0,9.0,9.0,9.0,1.0,0.138453891,218260111.0,48502248.0
2022-07-04,9.0,9.0,9.0,9.0,1.0,0.138453891,218260111.0,48502248.0
2022-07-01,9.0,9.0,9.0,9.0,3.0,0.138453891,218260111.0,48502248.0
2022-06-30,9.0,9.0,9.0,9.0,2.0,0.137392128,218260111.0,48502248.0
2022-06-29,9.0,9.0,9.0,9.0,1.0,0.136730946,218260111.0,48502248.0
2022-06-28,9.0,9.0,9.0,9.0,1.0,0.136730946,218260111.0,48502248.0
2022-06-27,9.0,9.0,9.0,9.0,13.0,0.136730946,218260111.0,48502248.0
2022-06-24,9.0,9.0,9.0,9.0,1.0,0.139925952,218260111.0,48502248.0
2022-06-23,9.0,9.0,9.0,9.0,87.0,0.139925952,218260111.0,48502248.0
2022-06-22,8.61,8.61,8.61,8.61,215.0,0.140321061,208802164.0,48502248.0
2022-06-21,8.61,8.61,8.61,8.61,70.0,0.140919636,208802164.0,48502248.0
2022-06-20,7.19,7.19,7.19,7.19,1.0,0.139493128,174365579.0,48502248.0
2022-06-17,7.19,7.19,7.19,7.19,50.0,0.139493128,174365579.0,48502248.0
2022-06-16,6.0,6.0,6.0,6.0,20.0,0.139346882,145506741.0,48502248.0
2022-06-15,5.59,6.0,5.59,6.0,1.0,0.139242099,145506741.0,48502248.0
2022-06-14,5.59,6.0,5.59,6.0,1.0,0.139242099,145506741.0,48502248.0
2022-06-13,5.59,6.0,5.59,6.0,1.0,0.139242099,145506741.0,48502248.0
2022-06-10,5.59,6.0,5.59,6.0,1.0,0.139242099,145506741.0,48502248.0
2022-06-09,5.59,6.0,5.59,6.0,1.0,0.139242099,145506741.0,48502248.0
2022-06-08,5.59,6.0,5.59,6.0,1.0,0.139242099,145506741.0,48502248.0
2022-06-07,5.59,6.0,5.59,6.0,198.0,0.139242099,145506741.0,48502248.0
2022-06-06,5.59,5.59,5.59,5.59,171.0,0.139580672,135563784.0,48502248.0
2022-06-03,5.59,5.59,5.59,5.59,5.0,0.139173353,135563784.0,48502248.0
2022-06-02,4.67,4.67,4.67,4.67,39.0,0.138116333,113252748.0,48502248.0
2022-06-01,3.9,3.9,3.9,3.9,1.0,0.139538044,94579384.0,48502248.0
2022-05-31,3.9,3.9,3.9,3.9,84.0,0.139538044,94579384.0,48502248.0
2022-05-30,3.9,3.9,3.9,3.9,1.0,0.140944449,94579384.0,48502248.0
2022-05-27,3.9,3.9,3.9,3.9,1.0,0.140944449,94579384.0,48502248.0
2022-05-26,3.9,3.9,3.9,3.9,32103.0,0.140944449,94579384.0,48502248.0
2022-05-25,3.55,3.55,3.55,3.55,1.0,0.143306218,86091487.0,48502248.0
2022-05-24,3.55,3.55,3.55,3.55,145.0,0.143306218,86091487.0,48502248.0
2022-05-23,3.46,3.49,3.46,3.46,1.0,0.14375498,83908888.0,48502248.0
2022-05-20,3.46,3.49,3.46,3.46,1.0,0.14375498,83908888.0,48502248.0
2022-05-19,3.46,3.49,3.46,3.46,1.0,0.14375498,83908888.0,48502248.0
2022-05-18,3.46,3.49,3.46,3.46,89.0,0.14375498,83908888.0,48502248.0
2022-05-17,3.46,3.46,3.46,3.46,4.0,0.143229757,83908888.0,48502248.0
2022-05-16,3.47,3.47,3.47,3.47,8.0,0.142958583,84151399.0,48502248.0
2022-05-13,3.49,3.49,3.0,3.0,1.0,0.14012423,72753370.0,48502248.0
2022-05-12,3.49,3.49,3.0,3.0,1.0,0.14012423,72753370.0,48502248.0
2022-05-11,3.49,3.49,3.0,3.0,41.0,0.14012423,72753370.0,48502248.0
2022-05-10,3.49,3.49,3.49,3.49,67.0,0.139459204,84636421.0,48502248.0
2022-05-09,3.35,3.35,3.35,3.35,1.0,0.13988675,81241261.0,48502248.0
2022-05-06,3.35,3.35,3.35,3.35,1.0,0.13988675,81241261.0,48502248.0
2022-05-05,3.35,3.35,3.35,3.35,1.0,0.13988675,81241261.0,48502248.0
2022-05-04,3.35,3.35,3.35,3.35,1.0,0.13988675,81241261.0,48502248.0
2022-05-03,3.35,3.35,3.35,3.35,1.0,0.13988675,81241261.0,48502248.0
2022-05-02,3.35,3.35,3.35,3.35,1.0,0.13988675,81241261.0,48502248.0
2022-04-29,3.35,3.35,3.35,3.35,12.0,0.13988675,81241261.0,48502248.0
2022-04-28,3.0,3.0,3.0,3.0,1.0,0.138812739,72753370.0,48502248.0
2022-04-27,3.0,3.0,3.0,3.0,1.0,0.138812739,72753370.0,48502248.0
2022-04-26,3.0,3.0,3.0,3.0,1.0,0.138812739,72753370.0,48502248.0
2022-04-25,3.0,3.0,3.0,3.0,1.0,0.138812739,72753370.0,48502248.0
2022-04-22,3.0,3.0,3.0,3.0,1.0,0.138812739,72753370.0,48502248.0
2022-04-21,3.0,3.0,3.0,3.0,1.0,0.138812739,72753370.0,48502248.0
2022-04-20,3.0,3.0,3.0,3.0,1.0,0.138812739,72753370.0,48502248.0
2022-04-19,3.0,3.0,3.0,3.0,1.0,0.138812739,72753370.0,48502248.0
2022-04-18,3.0,3.0,3.0,3.0,1.0,0.138812739,72753370.0,48502248.0
2022-04-15,3.0,3.0,3.0,3.0,1.0,0.138812739,72753370.0,48502248.0
2022-04-14,3.0,3.0,3.0,3.0,1.0,0.138812739,72753370.0,48502248.0
2022-04-13,3.0,3.0,3.0,3.0,1.0,0.138812739,72753370.0,48502248.0
2022-04-12,3.0,3.0,3.0,3.0,1.0,0.138812739,72753370.0,48502248.0
2022-04-11,3.0,3.0,3.0,3.0,70.0,0.138812739,72753370.0,48502248.0
2022-04-08,3.53,3.53,3.53,3.53,1.0,0.138747574,85606465.0,48502248.0
2022-04-07,3.53,3.53,3.53,3.53,1.0,0.138747574,85606465.0,48502248.0
2022-04-06,3.53,3.53,3.53,3.53,10.0,0.138747574,85606465.0,48502248.0
2022-04-05,3.55,3.55,3.55,3.55,8.0,0.142838977,86091487.0,48502248.0
2022-04-04,3.35,3.35,3.35,3.35,25.0,0.143157812,81241261.0,48502248.0
2022-04-01,3.35,3.35,3.35,3.35,6.0,0.142882611,81241261.0,48502248.0
2022-03-31,3.0,3.35,3.0,3.35,163.0,0.142227073,81241261.0,48502248.0
2022-03-30,3.0,3.0,3.0,3.0,1.0,0.141984906,72753370.0,48502248.0
2022-03-29,3.0,3.0,3.0,3.0,1.0,0.141984906,72753370.0,48502248.0
2022-03-28,3.0,3.0,3.0,3.0,1.0,0.141984906,72753370.0,48502248.0
2022-03-25,3.0,3.0,3.0,3.0,1.0,0.141984906,72753370.0,48502248.0
2022-03-24,3.0,3.0,3.0,3.0,1.0,0.141984906,72753370.0,48502248.0
2022-03-23,3.0,3.0,3.0,3.0,1.0,0.141984906,72753370.0,48502248.0
2022-03-22,3.0,3.0,3.0,3.0,1.0,0.141984906,72753370.0,48502248.0
2022-03-21,3.0,3.0,3.0,3.0,1.0,0.141984906,72753370.0,48502248.0
2022-03-18,3.0,3.0,3.0,3.0,1.0,0.141984906,72753370.0,48502248.0
2022-03-17,3.0,3.0,3.0,3.0,1.0,0.141984906,72753370.0,48502248.0
2022-03-16,3.0,3.0,3.0,3.0,2.0,0.141984906,72753370.0,48502248.0
2022-03-15,3.29,3.29,3.29,3.29,1.0,0.142118694,79786195.0,48502248.0
2022-03-14,3.29,3.29,3.29,3.29,1.0,0.142118694,79786195.0,48502248.0
2022-03-11,3.29,3.29,3.29,3.29,1.0,0.142118694,79786195.0,48502248.0
2022-03-10,3.29,3.29,3.29,3.29,1.0,0.142118694,79786195.0,48502248.0
2022-03-09,3.29,3.29,3.29,3.29,1.0,0.142118694,79786195.0,48502248.0
2022-03-08,3.29,3.29,3.29,3.29,1.0,0.140758681,79786195.0,48502248.0
2022-03-07,3.29,3.29,3.29,3.29,6.0,0.140758681,79786195.0,48502248.0
2022-03-04,3.29,3.29,3.29,3.29,146.0,0.144501659,79786195.0,48502248.0
2022-03-03,3.4,3.4,3.29,3.29,1.0,0.141736105,79786195.0,48502248.0
2022-03-02,3.4,3.4,3.29,3.29,58.0,0.141736105,79786195.0,48502248.0
2022-03-01,3.19,3.4,3.19,3.4,1.0,0.139885988,82453822.0,48502248.0
2022-02-28,3.19,3.4,3.19,3.4,1.0,0.139885988,82453822.0,48502248.0
2022-02-25,3.19,3.4,3.19,3.4,1.0,0.139885988,82453822.0,48502248.0
2022-02-24,3.19,3.4,3.19,3.4,1.0,0.139885988,82453822.0,48502248.0
2022-02-23,3.19,3.4,3.19,3.4,1.0,0.139885988,82453822.0,48502248.0
2022-02-22,3.19,3.4,3.19,3.4,1.0,0.139885988,82453822.0,48502248.0
2022-02-21,3.19,3.4,3.19,3.4,1.0,0.139885988,82453822.0,48502248.0
2022-02-18,3.19,3.4,3.19,3.4,1.0,0.139885988,82453822.0,48502248.0
2022-02-17,3.19,3.4,3.19,3.4,1.0,0.139885988,82453822.0,48502248.0
2022-02-16,3.19,3.4,3.19,3.4,1.0,0.139885988,82453822.0,48502248.0
2022-02-15,3.19,3.4,3.19,3.4,1.0,0.139885988,82453822.0,48502248.0
2022-02-14,3.19,3.4,3.19,3.4,1.0,0.139885988,82453822.0,48502248.0
2022-02-11,3.19,3.4,3.19,3.4,1.0,0.139885988,82453822.0,48502248.0
2022-02-10,3.19,3.4,3.19,3.4,110.0,0.139885988,82453822.0,48502248.0
2022-02-09,3.0,3.0,3.0,3.0,2.0,0.137677974,72753370.0,48502248.0
2022-02-08,3.2,3.2,2.7,2.7,367.0,0.137790737,65478034.0,48502248.0
2022-02-07,3.35,3.35,3.35,3.35,79.0,0.142610068,81241261.0,48502248.0
2022-02-04,3.0,3.0,2.81,2.81,57.0,0.142644153,68145655.0,48502248.0
2022-02-03,3.5,3.5,3.5,3.5,1.0,0.137546612,84878932.0,48502248.0
2022-02-02,3.5,3.5,3.5,3.5,1.0,0.137546612,84878932.0,48502248.0
2022-02-01,3.5,3.5,3.5,3.5,10.0,0.137546612,84878932.0,48502248.0
2022-01-31,3.5,3.5,3.5,3.5,1.0,0.137158501,84878932.0,48502248.0
2022-01-28,3.5,3.5,3.5,3.5,1.0,0.137158501,84878932.0,48502248.0
2022-01-27,3.5,3.5,3.5,3.5,1.0,0.137158501,84878932.0,48502248.0
2022-01-26,3.5,3.5,3.5,3.5,1.0,0.137158501,84878932.0,48502248.0
2022-01-25,3.5,3.5,3.5,3.5,13.0,0.137158501,84878932.0,48502248.0
2022-01-24,3.6,3.6,3.6,3.6,1.0,0.136254677,87304042.0,48502248.0
2022-01-21,3.6,3.6,3.6,3.6,1.0,0.136254677,87304042.0,48502248.0
2022-01-20,3.6,3.6,3.6,3.6,1.0,0.136254677,87304042.0,48502248.0
2022-01-19,3.6,3.6,3.6,3.6,1.0,0.136254677,87304042.0,48502248.0
2022-01-18,3.6,3.6,3.6,3.6,1.0,0.136254677,87304042.0,48502248.0
2022-01-17,3.6,3.6,3.6,3.6,1.0,0.136254677,87304042.0,48502248.0
2022-01-14,3.6,3.6,3.6,3.6,1.0,0.136254677,87304042.0,48502248.0
2022-01-13,3.6,3.6,3.6,3.6,1.0,0.136254677,87304042.0,48502248.0
2022-01-12,3.6,3.6,3.6,3.6,1.0,0.136254677,87304042.0,48502248.0
2022-01-11,3.6,3.6,3.6,3.6,1.0,0.135889098,87304042.0,48502248.0
2022-01-10,3.6,3.6,3.6,3.6,1.0,0.135889098,87304042.0,48502248.0
2022-01-07,3.6,3.6,3.6,3.6,1.0,0.135889098,87304042.0,48502248.0
2022-01-06,3.6,3.6,3.6,3.6,1.0,0.135889098,87304042.0,48502248.0
2022-01-05,3.6,3.6,3.6,3.6,1.0,0.135889098,87304042.0,48502248.0
2022-01-04,3.6,3.6,3.6,3.6,6.0,0.135889098,87304042.0,48502248.0
2022-01-03,3.6,3.6,3.6,3.6,1.0,0.13671441,87304042.0,48502248.0
2021-12-31,3.6,3.6,3.6,3.6,1.0,0.13671441,87304042.0,48502248.0
2021-12-30,3.6,3.6,3.6,3.6,1.0,0.13671441,87304042.0,48502248.0
2021-12-29,3.6,3.6,3.6,3.6,1.0,0.13671441,87304042.0,48502248.0
2021-12-28,3.6,3.6,3.6,3.6,1.0,0.13671441,87304042.0,48502248.0
2021-12-27,3.6,3.6,3.6,3.6,1.0,0.13671441,87304042.0,48502248.0
2021-12-24,3.6,3.6,3.6,3.6,1.0,0.13671441,87304042.0,48502248.0
2021-12-23,3.6,3.6,3.6,3.6,1.0,0.13671441,87304042.0,48502248.0
2021-12-22,3.6,3.6,3.6,3.6,1.0,0.13671441,87304042.0,48502248.0
2021-12-21,3.6,3.6,3.6,3.6,1.0,0.13671441,87304042.0,48502248.0
2021-12-20,3.6,3.6,3.6,3.6,1.0,0.13671441,87304042.0,48502248.0
2021-12-17,3.6,3.6,3.6,3.6,1.0,0.13671441,87304042.0,48502248.0
2021-12-16,3.6,3.6,3.6,3.6,1.0,0.13671441,87304042.0,48502248.0
2021-12-15,3.6,3.6,3.6,3.6,1.0,0.13671441,87304042.0,48502248.0
2021-12-14,3.6,3.6,3.6,3.6,1.0,0.13671441,87304042.0,48502248.0
2021-12-13,3.6,3.6,3.6,3.6,1.0,0.13671441,87304042.0,48502248.0
2021-12-10,3.6,3.6,3.6,3.6,1.0,0.13671441,87304042.0,48502248.0
2021-12-09,3.6,3.6,3.6,3.6,2.0,0.13671441,87304042.0,48502248.0
2021-12-08,3.59,3.59,3.59,3.59,1.0,0.139992238,87061531.0,48502248.0
2021-12-07,3.59,3.59,3.59,3.59,1.0,0.139992238,87061531.0,48502248.0
2021-12-06,3.59,3.59,3.59,3.59,1.0,0.139992238,87061531.0,48502248.0
2021-12-03,3.59,3.59,3.59,3.59,1.0,0.139992238,87061531.0,48502248.0
2021-12-02,3.59,3.59,3.59,3.59,1.0,0.139992238,87061531.0,48502248.0
2021-12-01,3.59,3.59,3.59,3.59,1.0,0.139992238,87061531.0,48502248.0
2021-11-30,3.59,3.59,3.59,3.59,1.0,0.139992238,87061531.0,48502248.0
2021-11-29,3.59,3.59,3.59,3.59,1.0,0.139992238,87061531.0,48502248.0
2021-11-26,3.59,3.59,3.59,3.59,10.0,0.139992238,87061531.0,48502248.0
2021-11-25,3.59,3.59,3.59,3.59,1.0,0.141455602,87061531.0,48502248.0
2021-11-24,3.59,3.59,3.59,3.59,1.0,0.141455602,87061531.0,48502248.0
2021-11-23,3.59,3.59,3.59,3.59,1.0,0.141455602,87061531.0,48502248.0
2021-11-22,3.59,3.59,3.59,3.59,1.0,0.141455602,87061531.0,48502248.0
2021-11-19,3.59,3.59,3.59,3.59,1.0,0.141455602,87061531.0,48502248.0
2021-11-18,3.59,3.59,3.59,3.59,1.0,0.141455602,87061531.0,48502248.0
2021-11-17,3.59,3.59,3.59,3.59,1.0,0.141455602,87061531.0,48502248.0
2021-11-16,3.59,3.59,3.59,3.59,1.0,0.141455602,87061531.0,48502248.0
2021-11-15,3.59,3.59,3.59,3.59,1.0,0.141455602,87061531.0,48502248.0
2021-11-12,3.59,3.59,3.59,3.59,1.0,0.141455602,87061531.0,48502248.0
2021-11-11,3.59,3.59,3.59,3.59,1.0,0.141455602,87061531.0,48502248.0
2021-11-10,3.59,3.59,3.59,3.59,1.0,0.141455602,87061531.0,48502248.0
2021-11-09,3.59,3.59,3.59,3.59,1.0,0.141455602,87061531.0,48502248.0
2021-11-08,3.59,3.59,3.59,3.59,1.0,0.141455602,87061531.0,48502248.0
2021-11-05,3.59,3.59,3.59,3.59,5.0,0.141455602,87061531.0,48502248.0
2021-11-04,2.99,3.0,2.99,3.0,1.0,0.139508799,72753370.0,48502248.0
2021-11-03,2.99,3.0,2.99,3.0,1.0,0.139508799,72753370.0,48502248.0
2021-11-02,2.99,3.0,2.99,3.0,1.0,0.139508799,72753370.0,48502248.0
2021-11-01,2.99,3.0,2.99,3.0,1.0,0.139508799,72753370.0,48502248.0
2021-10-29,2.99,3.0,2.99,3.0,1.0,0.139508799,72753370.0,48502248.0
2021-10-28,2.99,3.0,2.99,3.0,5.0,0.139508799,72753370.0,48502248.0
2021-10-27,2.99,2.99,2.99,2.99,1.0,0.139608129,72510859.0,48502248.0
2021-10-26,2.99,2.99,2.99,2.99,1.0,0.139608129,72510859.0,48502248.0
2021-10-25,2.99,2.99,2.99,2.99,1.0,0.139608129,72510859.0,48502248.0
2021-10-22,2.99,2.99,2.99,2.99,1.0,0.139608129,72510859.0,48502248.0
2021-10-21,2.99,2.99,2.99,2.99,1.0,0.139608129,72510859.0,48502248.0
2021-10-20,2.99,2.99,2.99,2.99,1.0,0.139608129,72510859.0,48502248.0
2021-10-19,2.99,2.99,2.99,2.99,3.0,0.139608129,72510859.0,48502248.0
2021-10-18,2.99,2.99,2.99,2.99,1.0,0.136469784,72510859.0,48502248.0
2021-10-15,2.99,2.99,2.99,2.99,3.0,0.135568545,72510859.0,48502248.0
2021-10-14,2.99,2.99,2.99,2.99,1.0,0.135351843,72510859.0,48502248.0
2021-10-13,2.99,2.99,2.99,2.99,1.0,0.135351843,72510859.0,48502248.0
2021-10-12,2.99,2.99,2.99,2.99,1.0,0.135351843,72510859.0,48502248.0
2021-10-11,2.99,2.99,2.99,2.99,1.0,0.135351843,72510859.0,48502248.0
2021-10-08,2.99,2.99,2.99,2.99,2.0,0.135351843,72510859.0,48502248.0
2021-10-07,2.001,2.001,2.001,2.001,1.0,0.137328258,60603559.0,48502248.0
2021-10-06,2.001,2.001,2.001,2.001,1.0,0.137328258,60603559.0,48502248.0
2021-10-05,2.001,2.001,2.001,2.001,1.0,0.137328258,60603559.0,48502248.0
2021-10-04,2.001,2.001,2.001,2.001,1.0,0.137328258,60603559.0,48502248.0
2021-10-01,2.001,2.001,2.001,2.001,1.0,0.137328258,60603559.0,48502248.0
2021-09-30,2.001,2.001,2.001,2.001,1.0,0.137328258,60603559.0,48502248.0
2021-09-29,2.001,2.001,2.001,2.001,1.0,0.137328258,60603559.0,48502248.0
2021-09-28,2.001,2.001,2.001,2.001,1.0,0.137328258,60603559.0,48502248.0
2021-09-27,2.001,2.001,2.001,2.001,1.0,0.137328258,60603559.0,48502248.0
2021-09-24,2.001,2.001,2.001,2.001,1.0,0.137328258,60603559.0,48502248.0
2021-09-23,2.001,2.001,2.001,2.001,62439000.0,0.137328258,60603559.0,48502248.0
2021-09-22,2.499,2.499,2.499,2.499,10000.0,0.13539487,60603559.0,48502248.0
2021-09-21,2.10001,2.10001,2.10001,2.10001,1.0,0.139374258,50927600.0,48502248.0
2021-09-20,2.10001,2.10001,2.10001,2.10001,7000.0,0.139374258,50927600.0,48502248.0
2021-09-17,2.1,2.1,2.1,2.1,2000.0,0.139551486,50927357.0,48502248.0
2021-09-16,2.6,2.6,2.6,2.6,1.0,0.141610697,63052919.0,48502248.0
2021-09-15,2.6,2.6,2.6,2.6,1.0,0.141610697,63052919.0,48502248.0
2021-09-14,2.6,2.6,2.6,2.6,1.0,0.141610697,63052919.0,48502248.0
2021-09-13,2.6,2.6,2.6,2.6,6000.0,0.141610697,63052919.0,48502248.0
2021-09-10,2.6,2.6,2.6,2.6,1.0,0.141910756,63052919.0,48502248.0
2021-09-09,2.6,2.6,2.6,2.6,1.0,0.141910756,63052919.0,48502248.0
2021-09-08,2.6,2.6,2.6,2.6,1.0,0.141910756,63052919.0,48502248.0
2021-09-07,2.6,2.6,2.6,2.6,7000.0,0.141910756,63052919.0,48502248.0
2021-09-06,2.6,2.6,2.6,2.6,1.0,0.13921251,63052919.0,48502248.0
2021-09-03,2.6,2.6,2.6,2.6,1.0,0.13921251,63052919.0,48502248.0
2021-09-02,2.6,2.6,2.6,2.6,1.0,0.13921251,63052919.0,48502248.0
2021-09-01,2.6,2.6,2.6,2.6,1.0,0.13921251,63052919.0,48502248.0
2021-08-31,2.6,2.6,2.6,2.6,1.0,0.13921251,63052919.0,48502248.0
2021-08-30,2.6,2.6,2.6,2.6,4020000.0,0.13921251,63052919.0,48502248.0
2021-08-27,2.6,2.6,2.6,2.6,5000.0,0.138569768,63052919.0,48502248.0
2021-08-26,2.4,2.4,2.4,2.4,1.0,0.140016371,58202699.0,48502248.0
2021-08-25,2.4,2.4,2.4,2.4,1.0,0.140016371,58202699.0,48502248.0
2021-08-24,2.4,2.4,2.4,2.4,20000.0,0.140016371,58202699.0,48502248.0
2021-08-23,2.6,2.6,2.6,2.6,1.0,0.151885485,63052919.0,48502248.0
2021-08-20,2.6,2.6,2.6,2.6,1.0,0.151885485,63052919.0,48502248.0
2021-08-19,2.6,2.6,2.6,2.6,1.0,0.151885485,63052919.0,48502248.0
2021-08-18,2.6,2.6,2.6,2.6,414000.0,0.151885485,63052919.0,48502248.0
2021-08-17,2.845,2.845,2.845,2.845,1.0,0.150762711,68994447.0,48502248.0
2021-08-16,2.845,2.845,2.845,2.845,1.0,0.150762711,68994447.0,48502248.0
2021-08-13,2.845,2.845,2.845,2.845,1.0,0.150762711,68994447.0,48502248.0
2021-08-12,2.845,2.845,2.845,2.845,10000.0,0.150762711,68994447.0,48502248.0
2021-08-11,2.87997,2.87997,2.87997,2.87997,1.0,0.153093675,69842510.0,48502248.0
2021-08-10,2.87997,2.87997,2.87997,2.87997,1.0,0.153093675,69842510.0,48502248.0
2021-08-09,2.87997,2.87997,2.87997,2.87997,1.0,0.153093675,69842510.0,48502248.0
2021-08-06,2.87997,2.87997,2.87997,2.87997,7000.0,0.153093675,69842510.0,48502248.0
2021-08-05,2.87997,2.87997,2.87997,2.87997,1.0,0.146797858,69842510.0,48502248.0
2021-08-04,2.87997,2.87997,2.87997,2.87997,1.0,0.146797858,69842510.0,48502248.0
2021-08-03,2.87997,2.87997,2.87997,2.87997,95000.0,0.146797858,69842510.0,48502248.0
2021-08-02,2.39999,2.39999,2.39999,2.39999,1.0,0.132441408,58202456.0,48502248.0
2021-07-30,2.39999,2.39999,2.39999,2.39999,1.0,0.132441408,58202456.0,48502248.0
2021-07-29,2.39999,2.39999,2.39999,2.39999,45000.0,0.132441408,58202456.0,48502248.0
2021-07-28,2.1,2.1,2.0,2.0,10000.0,0.132799477,48502247.0,48502248.0
2021-07-27,1.95,2.05,1.95,2.05,1.0,0.130694865,49714802.0,48502248.0
2021-07-26,1.95,2.05,1.95,2.05,1.0,0.130694865,49714802.0,48502248.0
2021-07-23,1.95,2.05,1.95,2.05,2795000.0,0.130694865,49714802.0,48502248.0
2021-07-22,1.9,1.95,1.9,1.95,303000.0,0.127615848,47289692.0,48502248.0
2021-07-21,1.63201,1.63201,1.63201,1.63201,3000.0,0.125695746,39578076.0,48502248.0
2021-07-20,2.04,2.04,2.04,2.04,2056000.0,0.130741553,49472291.0,48502248.0
2021-07-19,3.0,3.0,2.55,2.55,4093000.0,0.13073521,61840364.0,48502248.0
2021-07-16,2.87999,2.87999,2.87999,2.87999,15000.0,0.128010338,69842995.0,48502248.0
2021-07-15,2.0,2.4,2.0,2.4,5753000.0,0.128526482,58202699.0,48502248.0
2021-07-14,2.0,2.0,2.0,2.0,80394000.0,0.123482384,48502247.0,48502248.0
2021-07-13,1.9,2.0,1.9,2.0,125000.0,0.124480394,48502247.0,48502248.0
2021-07-12,2.0,2.0,2.0,2.0,1.0,0.123950097,48502247.0,48502248.0
2021-07-09,2.0,2.0,2.0,2.0,10000.0,0.123950097,48502247.0,48502248.0
2021-07-08,2.0,2.0,2.0,2.0,1.0,0.123479596,48502247.0,48502248.0
2021-07-07,2.0,2.0,2.0,2.0,1.0,0.123479596,48502247.0,48502248.0
2021-07-06,2.0,2.0,2.0,2.0,1.0,0.123479596,48502247.0,48502248.0
2021-07-05,2.0,2.0,2.0,2.0,1.0,0.123479596,48502247.0,48502248.0
2021-07-02,2.0,2.0,2.0,2.0,1.0,0.123479596,48502247.0,48502248.0
2021-07-01,2.0,2.0,2.0,2.0,1.0,0.123479596,48502247.0,48502248.0
2021-06-30,2.0,2.0,2.0,2.0,857000.0,0.123479596,48502247.0,48502248.0
2021-06-29,2.0,2.0,2.0,2.0,140000.0,0.123491569,48502247.0,48502248.0
2021-06-28,2.098,2.098,2.0,2.0,1.0,0.122978947,48502247.0,48502248.0
2021-06-25,2.098,2.098,2.0,2.0,20000.0,0.122978947,48502247.0,48502248.0
2021-06-24,2.0,2.15,2.0,2.15,1.0,0.125392557,52139918.0,48502248.0
2021-06-23,2.0,2.15,2.0,2.15,190610000.0,0.125392557,52139918.0,48502248.0
2021-06-22,2.0,2.0,2.0,2.0,3000.0,0.126507593,48502247.0,48502248.0
2021-06-21,2.2,2.2,2.2,2.2,1.0,0.130524659,53352473.0,48502248.0
2021-06-18,2.2,2.2,2.2,2.2,1.0,0.130524659,53352473.0,48502248.0
2021-06-17,2.2,2.2,2.2,2.2,1.0,0.130524659,53352473.0,48502248.0
2021-06-16,2.2,2.2,2.2,2.2,1.0,0.130524659,53352473.0,48502248.0
2021-06-15,2.2,2.2,2.2,2.2,1.0,0.130524659,53352473.0,48502248.0
2021-06-14,2.2,2.2,2.2,2.2,1.0,0.130524659,53352473.0,48502248.0
2021-06-11,2.2,2.2,2.2,2.2,1.0,0.130524659,53352473.0,48502248.0
2021-06-10,2.2,2.2,2.2,2.2,1.0,0.130524659,53352473.0,48502248.0
2021-06-09,2.2,2.2,2.2,2.2,1000013000.0,0.130524659,53352473.0,48502248.0
2021-06-08,2.0,2.219,2.0,2.219,4000.0,0.13587124,53813245.0,48502248.0
2021-06-07,2.219,2.219,2.219,2.219,1.0,0.145223398,53813245.0,48502248.0
2021-06-04,2.219,2.219,2.219,2.219,1000.0,0.145223398,53813245.0,48502248.0
2021-06-03,2.219,2.219,2.219,2.219,1.0,0.146298466,53813245.0,48502248.0
2021-06-02,2.219,2.219,2.219,2.219,1.0,0.146298466,53813245.0,48502248.0
2021-06-01,2.219,2.219,2.219,2.219,1.0,0.146298466,53813245.0,48502248.0
2021-05-31,2.219,2.219,2.219,2.219,5000.0,0.146298466,53813245.0,48502248.0
2021-05-28,1.85,1.85,1.85,1.85,1.0,0.147526203,44864579.0,48502248.0
2021-05-27,1.85,1.85,1.85,1.85,10000.0,0.147526203,44864579.0,48502248.0
2021-05-26,1.85,1.85,1.85,1.85,2000.0,0.147052321,44864579.0,48502248.0
2021-05-25,1.3321,1.85,1.3321,1.85,1.0,0.147105962,44864579.0,48502248.0
2021-05-24,1.3321,1.85,1.3321,1.85,1.0,0.147105962,44864579.0,48502248.0
2021-05-21,1.3321,1.85,1.3321,1.85,1.0,0.147105962,44864579.0,48502248.0
2021-05-20,1.3321,1.85,1.3321,1.85,1.0,0.147105962,44864579.0,48502248.0
2021-05-19,1.3321,1.85,1.3321,1.85,1.0,0.147105962,44864579.0,48502248.0
2021-05-18,1.3321,1.85,1.3321,1.85,1.0,0.147105962,44864579.0,48502248.0
2021-05-17,1.3321,1.85,1.3321,1.85,1.0,0.147105962,44864579.0,48502248.0
2021-05-14,1.3321,1.85,1.3321,1.85,1.0,0.147105962,44864579.0,48502248.0
2021-05-13,1.3321,1.85,1.3321,1.85,109000.0,0.147105962,44864579.0,48502248.0
2021-05-12,1.65,1.65,1.65,1.65,10000.0,0.149198348,40014353.0,48502248.0
2021-05-11,1.665,1.665,1.665,1.665,1.0,0.151562354,40378120.0,48502248.0
2021-05-10,1.665,1.665,1.665,1.665,1.0,0.151562354,40378120.0,48502248.0
2021-05-07,1.665,1.665,1.665,1.665,1.0,0.151562354,40378120.0,48502248.0
2021-05-06,1.665,1.665,1.665,1.665,1.0,0.151562354,40378120.0,48502248.0
2021-05-05,1.665,1.665,1.665,1.665,1.0,0.151562354,40378120.0,48502248.0
2021-05-04,1.665,1.665,1.665,1.665,1.0,0.151562354,40378120.0,48502248.0
2021-05-03,1.665,1.665,1.665,1.665,1.0,0.151562354,40378120.0,48502248.0
2021-04-30,1.665,1.665,1.665,1.665,1.0,0.151562354,40378120.0,48502248.0
2021-04-29,1.665,1.665,1.665,1.665,62000.0,0.151562354,40378120.0,48502248.0
2021-04-28,1.4,1.4,1.4,1.4,145000.0,0.15583225,33951572.0,48502248.0
2021-04-27,1.4,1.4,1.4,1.4,1.0,0.154011673,33951572.0,48502248.0
2021-04-26,1.4,1.4,1.4,1.4,308000.0,0.154011673,33951572.0,48502248.0
2021-04-23,1.4,1.4,1.4,1.4,1.0,0.1600747,33951572.0,48502248.0
2021-04-22,1.4,1.4,1.4,1.4,12000.0,0.1600747,33951572.0,48502248.0
2021-04-21,1.4,1.4,1.4,1.4,9000.0,0.158953407,33951572.0,48502248.0
2021-04-20,1.4,1.4,1.4,1.4,430000.0,0.157097658,33951572.0,48502248.0
2021-04-19,1.42499,1.42499,1.42499,1.42499,1.0,0.158499075,34557610.0,48502248.0
2021-04-16,1.42499,1.42499,1.42499,1.42499,1.0,0.158499075,34557610.0,48502248.0
2021-04-15,1.42499,1.42499,1.42499,1.42499,1.0,0.158499075,34557610.0,48502248.0
2021-04-14,1.42499,1.42499,1.42499,1.42499,1.0,0.158499075,34557610.0,48502248.0
2021-04-13,1.42499,1.42499,1.42499,1.42499,1.0,0.158499075,34557610.0,48502248.0
2021-04-12,1.42499,1.42499,1.42499,1.42499,1.0,0.158499075,34557610.0,48502248.0
2021-04-09,1.42499,1.42499,1.42499,1.42499,1.0,0.158499075,34557610.0,48502248.0
2021-04-08,1.42499,1.42499,1.42499,1.42499,10000.0,0.158499075,34557610.0,48502248.0
2021-04-07,1.42499,1.42499,1.42499,1.42499,1.0,0.153407267,34557610.0,48502248.0
2021-04-06,1.42499,1.42499,1.42499,1.42499,1.0,0.153407267,34557610.0,48502248.0
2021-04-05,1.42499,1.42499,1.42499,1.42499,4000.0,0.153407267,34557610.0,48502248.0
2021-04-02,1.425,1.425,1.425,1.425,1.0,0.16774055,34557850.0,48502248.0
2021-04-01,1.425,1.425,1.425,1.425,1.0,0.16774055,34557850.0,48502248.0
2021-03-31,1.425,1.425,1.425,1.425,1.0,0.16774055,34557850.0,48502248.0
2021-03-30,1.425,1.425,1.425,1.425,1.0,0.16774055,34557850.0,48502248.0
2021-03-29,1.425,1.425,1.425,1.425,1.0,0.16774055,34557850.0,48502248.0
2021-03-26,1.425,1.425,1.425,1.425,3000.0,0.16774055,34557850.0,48502248.0
2021-03-25,1.425,1.425,1.425,1.425,1.0,0.444467485,34557850.0,48502248.0
2021-03-24,1.425,1.425,1.425,1.425,1.0,0.444467485,34557850.0,48502248.0
2021-03-23,1.425,1.425,1.425,1.425,8000.0,0.444467485,34557850.0,48502248.0
2021-03-22,1.425,1.425,1.425,1.425,20000.0,0.466275087,34557850.0,48502248.0
2021-03-19,1.425,1.425,1.425,1.425,1.0,0.536092765,34557850.0,48502248.0
2021-03-18,1.425,1.425,1.425,1.425,1.0,0.536092765,34557850.0,48502248.0
2021-03-17,1.425,1.425,1.425,1.425,58000.0,0.536092765,34557850.0,48502248.0
2021-03-16,1.425,1.425,1.425,1.425,1.0,0.507562227,34557850.0,48502248.0
2021-03-15,1.425,1.425,1.425,1.425,1.0,0.507562227,34557850.0,48502248.0
2021-03-12,1.425,1.425,1.425,1.425,25000.0,0.507562227,34557850.0,48502248.0
2021-03-11,1.45,1.45,1.45,1.45,1.0,0.505733548,35164130.0,48502248.0
2021-03-10,1.45,1.45,1.45,1.45,1.0,0.505733548,35164130.0,48502248.0
2021-03-09,1.45,1.45,1.45,1.45,1.0,0.505733548,35164130.0,48502248.0
2021-03-08,1.45,1.45,1.45,1.45,14000.0,0.505733548,35164130.0,48502248.0
2021-03-05,1.45,1.45,1.45,1.45,1.0,0.50606274,35164130.0,48502248.0
2021-03-04,1.45,1.45,1.45,1.45,1.0,0.50606274,35164130.0,48502248.0
2021-03-03,1.45,1.45,1.45,1.45,1.0,0.50606274,35164130.0,48502248.0
2021-03-02,1.45,1.45,1.45,1.45,3000.0,0.50606274,35164130.0,48502248.0
2021-03-01,1.45,1.45,1.45,1.45,1.0,0.510183045,35164130.0,48502248.0
2021-02-26,1.45,1.45,1.45,1.45,1.0,0.510183045,35164130.0,48502248.0
2021-02-25,1.45,1.45,1.45,1.45,7000.0,0.510183045,35164130.0,48502248.0
2021-02-24,1.55,1.55,1.55,1.55,1.0,0.511455657,37589240.0,48502248.0
2021-02-23,1.55,1.55,1.55,1.55,1.0,0.511455657,37589240.0,48502248.0
2021-02-22,1.55,1.55,1.55,1.55,10000.0,0.511455657,37589240.0,48502248.0
2021-02-19,1.5,1.5,1.5,1.5,3712000.0,0.504795697,36376685.0,48502248.0
2021-02-18,1.5,1.5,1.5,1.5,1.0,0.49882343,36376685.0,48502248.0
2021-02-17,1.5,1.5,1.5,1.5,83000.0,0.49882343,36376685.0,48502248.0
2021-02-16,1.5,1.5,1.5,1.5,1.0,0.497730882,36376685.0,48502248.0
2021-02-15,1.5,1.5,1.5,1.5,1.0,0.497730882,36376685.0,48502248.0
2021-02-12,1.5,1.5,1.5,1.5,1.0,0.497730882,36376685.0,48502248.0
2021-02-11,1.5,1.5,1.5,1.5,15000.0,0.497730882,36376685.0,48502248.0
2021-02-10,1.385,1.385,1.385,1.385,1.0,0.496951131,33587806.0,48502248.0
2021-02-09,1.385,1.385,1.385,1.385,1.0,0.496951131,33587806.0,48502248.0
2021-02-08,1.385,1.385,1.385,1.385,2000.0,0.496951131,33587806.0,48502248.0
2021-02-05,1.45,1.45,1.45,1.45,4000.0,0.496083996,35164130.0,48502248.0
2021-02-04,1.4,1.4,1.4,1.4,105000.0,0.377257234,33951572.0,48502248.0
2021-02-03,1.4,1.4,1.4,1.4,1.0,0.373178351,33951572.0,48502248.0
2021-02-02,1.4,1.4,1.4,1.4,7000.0,0.373178351,33951572.0,48502248.0
2021-02-01,1.4,1.4,1.4,1.4,24000.0,0.37311961,33951572.0,48502248.0
2021-01-29,1.4,1.4,1.4,1.4,19000.0,0.374529289,33951572.0,48502248.0
2021-01-28,1.4,1.4,1.4,1.4,1.0,0.374210508,33951572.0,48502248.0
2021-01-27,1.4,1.4,1.4,1.4,8000.0,0.374210508,33951572.0,48502248.0
2021-01-26,1.45,1.45,1.45,1.45,1.0,0.372156879,35164130.0,48502248.0
2021-01-25,1.45,1.45,1.45,1.45,4000.0,0.372156879,35164130.0,48502248.0
2021-01-22,1.45,1.45,1.45,1.45,15000.0,0.372151081,35164130.0,48502248.0
2021-01-21,1.25,1.25,1.25,1.25,1.0,0.370741582,30313904.0,48502248.0
2021-01-20,1.25,1.25,1.25,1.25,5000.0,0.370741582,30313904.0,48502248.0
2021-01-19,1.25,1.25,1.25,1.25,4000.0,0.370125688,30313904.0,48502248.0
2021-01-18,1.25,1.25,1.25,1.25,1.0,0.369676041,30313904.0,48502248.0
2021-01-15,1.25,1.25,1.25,1.25,1.0,0.369676041,30313904.0,48502248.0
2021-01-14,1.25,1.25,1.25,1.25,8000.0,0.369676041,30313904.0,48502248.0
2021-01-13,1.05,1.05,1.05,1.05,1.0,0.370879538,25463678.0,48502248.0
2021-01-12,1.05,1.05,1.05,1.05,50000.0,0.370879538,25463678.0,48502248.0
2021-01-11,1.05,1.05,1.05,1.05,1.0,0.370903191,25463678.0,48502248.0
2021-01-08,1.05,1.05,1.05,1.05,1010000.0,0.370903191,25463678.0,48502248.0
2021-01-07,1.0,1.0,1.0,1.0,374000.0,0.370799677,24251123.0,48502248.0
2021-01-06,1.0,1.0,1.0,1.0,1.0,0.374626484,24251123.0,48502248.0
2021-01-05,1.0,1.0,1.0,1.0,7000.0,0.374626484,24251123.0,48502248.0
2021-01-04,0.93302002,1.0,0.93302002,1.0,14000.0,0.374901362,24251123.0,48502248.0
2021-01-01,0.77753003,0.93302002,0.77753003,0.93302002,1.0,0.376844763,22626783.0,48502248.0
2020-12-31,0.77753003,0.93302002,0.77753003,0.93302002,1.0,0.376844763,22626783.0,48502248.0
2020-12-30,0.77753003,0.93302002,0.77753003,0.93302002,32000.0,0.376844763,22626783.0,48502248.0
2020-12-29,0.6,0.77753003,0.6,0.77753003,23000.0,0.37508291,18855976.0,48502248.0
2020-12-28,0.64795001,0.64795001,0.64795001,0.64795001,1.0,0.37572223,15713515.0,48502248.0
2020-12-25,0.64795001,0.64795001,0.64795001,0.64795001,1.0,0.37572223,15713515.0,48502248.0
2020-12-24,0.64795001,0.64795001,0.64795001,0.64795001,1.0,0.37572223,15713515.0,48502248.0
2020-12-23,0.64795001,0.64795001,0.64795001,0.64795001,311000.0,0.37572223,15713515.0,48502248.0
2020-12-22,0.49998999,0.53996997,0.49998999,0.53996997,55000.0,0.377216929,13094879.0,48502248.0
2020-12-21,0.5,0.5,0.5,0.5,91819000.0,0.379057285,12125562.0,48502248.0
2020-12-18,0.47,0.49998999,0.47,0.49998999,160000.0,0.37291452,12125319.0,48502248.0
2020-12-17,0.44998999,0.44998999,0.44998999,0.44998999,5000.0,0.368102629,10912763.0,48502248.0
2020-12-16,0.39998999,0.39998999,0.39998999,0.39998999,135000.0,0.090985261,9700207.0,48502248.0
2020-12-15,0.34998999,0.34998999,0.34998999,0.34998999,63000.0,0.101663637,8487651.0,48502248.0
2020-12-14,0.29998999,0.29998999,0.29998999,0.29998999,1.0,0.104157615,7275094.0,48502248.0
2020-12-11,0.29998999,0.29998999,0.29998999,0.29998999,5000.0,0.104157615,7275094.0,48502248.0
2020-12-10,0.26998999,0.26998999,0.26998999,0.26998999,20000.0,0.104608586,6547561.0,48502248.0
2020-12-09,0.215,0.257,0.215,0.257,304000.0,0.105585688,6232539.0,48502248.0
2020-12-08,0.21599001,0.21599001,0.18,0.215,1.0,0.107854641,5213992.0,48502248.0
2020-12-07,0.21599001,0.21599001,0.18,0.215,445000.0,0.107854641,5213992.0,48502248.0
2020-12-04,0.18,0.18,0.18,0.18,130000.0,0.109500914,4365202.0,48502248.0
2020-12-03,0.19,0.19,0.18,0.18,1.0,0.111584503,4365202.0,48502248.0
2020-12-02,0.19,0.19,0.18,0.18,1.0,0.111584503,4365202.0,48502248.0
2020-12-01,0.19,0.19,0.18,0.18,1.0,0.111584503,4365202.0,48502248.0
2020-11-30,0.19,0.19,0.18,0.18,1.0,0.111584503,4365202.0,48502248.0
2020-11-27,0.19,0.19,0.18,0.18,6000000.0,0.111584503,4365202.0,48502248.0
2020-11-26,0.18,0.18,0.18,0.18,10000000.0,0.114814602,4365202.0,48502248.0
2020-11-25,0.175,0.175,0.175,0.175,5000000.0,0.115769442,4243947.0,48502248.0
2020-11-24,0.17,0.17,0.17,0.17,116000000.0,0.115683764,4122691.0,48502248.0
2020-11-23,0.1264,0.17,0.1264,0.17,1.0,0.116869462,4122691.0,48502248.0
2020-11-20,0.1264,0.17,0.1264,0.17,277032704.0,0.116869462,4122691.0,48502248.0
2020-11-19,0.158,0.158,0.158,0.158,1.0,0.120272776,3831678.0,48502248.0
2020-11-18,0.158,0.158,0.158,0.158,1.0,0.120272776,3831678.0,48502248.0
2020-11-17,0.158,0.158,0.158,0.158,1.0,0.120272776,3831678.0,48502248.0
2020-11-16,0.158,0.158,0.158,0.158,1.0,0.120272776,3831678.0,48502248.0
2020-11-13,0.158,0.158,0.158,0.158,1.0,0.120272776,3831678.0,48502248.0
2020-11-12,0.158,0.158,0.158,0.158,1.0,0.120272776,3831678.0,48502248.0
2020-11-11,0.158,0.158,0.158,0.158,1.0,0.120272776,3831678.0,48502248.0
2020-11-10,0.158,0.158,0.158,0.158,1.0,0.120272776,3831678.0,48502248.0
2020-11-09,0.158,0.158,0.158,0.158,1.0,0.120272776,3831678.0,48502248.0
2020-11-06,0.158,0.158,0.158,0.158,1.0,0.120272776,3831678.0,48502248.0
2020-11-05,0.158,0.158,0.158,0.158,1.0,0.120272776,3831678.0,48502248.0
2020-11-04,0.158,0.158,0.158,0.158,1.0,0.120272776,3831678.0,48502248.0
2020-11-03,0.158,0.158,0.158,0.158,1.0,0.120272776,3831678.0,48502248.0
2020-11-02,0.158,0.158,0.158,0.158,1.0,0.120272776,3831678.0,48502248.0
2020-10-30,0.158,0.158,0.158,0.158,1.0,0.120272776,3831678.0,48502248.0
2020-10-29,0.158,0.158,0.158,0.158,1.0,0.120272776,3831678.0,48502248.0
2020-10-28,0.158,0.158,0.158,0.158,1.0,0.120272776,3831678.0,48502248.0
2020-10-27,0.158,0.158,0.158,0.158,1.0,0.120272776,3831678.0,48502248.0
2020-10-26,0.158,0.158,0.158,0.158,1.0,0.120272776,3831678.0,48502248.0
2020-10-23,0.158,0.158,0.158,0.158,1.0,0.120272776,3831678.0,48502248.0
2020-10-22,0.158,0.158,0.158,0.158,1.0,0.120272776,3831678.0,48502248.0
2020-10-21,0.158,0.158,0.158,0.158,1.0,0.120272776,3831678.0,48502248.0
2020-10-20,0.158,0.158,0.158,0.158,60000000.0,0.120272776,3831678.0,48502248.0
2020-10-19,0.158,0.158,0.158,0.158,1.0,0.120834856,3831678.0,48502248.0
2020-10-16,0.158,0.158,0.158,0.158,1.0,0.120834856,3831678.0,48502248.0
2020-10-15,0.158,0.158,0.158,0.158,157000000.0,0.120834856,3831678.0,48502248.0
2020-10-14,0.155,0.155,0.155,0.155,1.0,0.129891267,3758924.0,48502248.0
2020-10-13,0.155,0.155,0.155,0.155,1.0,0.129891267,3758924.0,48502248.0
2020-10-12,0.155,0.155,0.155,0.155,1.0,0.129891267,3758924.0,48502248.0
2020-10-09,0.155,0.155,0.155,0.155,1.0,0.129891267,3758924.0,48502248.0
2020-10-08,0.155,0.155,0.155,0.155,1.0,0.129891267,3758924.0,48502248.0
2020-10-07,0.155,0.155,0.155,0.155,97000000.0,0.129891267,3758924.0,48502248.0
2020-10-06,0.15495,0.155,0.15495,0.155,1.0,0.129980421,3758924.0,48502248.0
2020-10-05,0.15495,0.155,0.15495,0.155,1.0,0.129980421,3758924.0,48502248.0
2020-10-02,0.15495,0.155,0.15495,0.155,1.0,0.129980421,3758924.0,48502248.0
2020-10-01,0.15495,0.155,0.15495,0.155,1.0,0.129980421,3758924.0,48502248.0
2020-09-30,0.15495,0.155,0.15495,0.155,1.0,0.129980421,3758924.0,48502248.0
2020-09-29,0.15495,0.155,0.15495,0.155,1.0,0.129980421,3758924.0,48502248.0
2020-09-28,0.15495,0.155,0.15495,0.155,1.0,0.129980421,3758924.0,48502248.0
2020-09-25,0.15495,0.155,0.15495,0.155,50000000.0,0.129980421,3758924.0,48502248.0
2020-09-24,0.1549,0.155,0.1549,0.155,1.0,0.130814,3758924.0,48502248.0
2020-09-23,0.1549,0.155,0.1549,0.155,1.0,0.130814,3758924.0,48502248.0
2020-09-22,0.1549,0.155,0.1549,0.155,1.0,0.130814,3758924.0,48502248.0
2020-09-21,0.1549,0.155,0.1549,0.155,139000000.0,0.130814,3758924.0,48502248.0
2020-09-18,0.155,0.155,0.155,0.155,11000000.0,0.131258593,3758924.0,48502248.0
2020-09-17,0.155,0.155,0.155,0.155,1.0,0.131039736,3758924.0,48502248.0
2020-09-16,0.155,0.155,0.155,0.155,1.0,0.131039736,3758924.0,48502248.0
2020-09-15,0.155,0.155,0.155,0.155,105000000.0,0.131039736,3758924.0,48502248.0
2020-09-14,0.155,0.155,0.155,0.155,1.0,0.130823297,3758924.0,48502248.0
2020-09-11,0.155,0.155,0.155,0.155,629000000.0,0.130823297,3758924.0,48502248.0
2020-09-10,0.155,0.155,0.155,0.155,131000000.0,0.129595829,3758924.0,48502248.0
2020-09-09,0.16,0.16,0.155,0.155,517000000.0,0.130573235,3758924.0,48502248.0
2020-09-08,0.155,0.155,0.155,0.155,2354000000.0,0.13145004,3758924.0,48502248.0
2020-09-07,0.155,0.155,0.155,0.155,1.0,0.132945319,3758924.0,48502248.0
2020-09-04,0.155,0.155,0.155,0.155,1.0,0.132945319,3758924.0,48502248.0
2020-09-03,0.155,0.155,0.155,0.155,1.0,0.132945319,3758924.0,48502248.0
2020-09-02,0.155,0.155,0.155,0.155,78000000.0,0.132945319,3758924.0,48502248.0
2020-09-01,0.155,0.155,0.155,0.155,1115000000.0,0.132082586,3758924.0,48502248.0
2020-08-31,0.14,0.14,0.14,0.14,1.0,0.132538715,3395157.0,48502248.0
2020-08-28,0.14,0.14,0.14,0.14,1.0,0.132538715,3395157.0,48502248.0
2020-08-27,0.14,0.14,0.14,0.14,1.0,0.132538715,3395157.0,48502248.0
2020-08-26,0.14,0.14,0.14,0.14,31000000.0,0.132538715,3395157.0,48502248.0
2020-08-25,0.1335,0.1335,0.1335,0.1335,1.0,0.132546772,3237525.0,48502248.0
2020-08-24,0.1335,0.1335,0.1335,0.1335,23000000.0,0.132546772,3237525.0,48502248.0
2020-08-21,0.1335,0.1335,0.1335,0.1335,1.0,0.131673161,3237525.0,48502248.0
2020-08-20,0.1335,0.1335,0.1335,0.1335,1.0,0.131673161,3237525.0,48502248.0
2020-08-19,0.1335,0.1335,0.1335,0.1335,1614686784.0,0.131673161,3237525.0,48502248.0
2020-08-18,0.1335,0.1335,0.1335,0.1335,25000000.0,0.130877563,3237525.0,48502248.0
2020-08-17,0.1335,0.1335,0.1335,0.1335,1000000.0,0.131401777,3225399.0,48502248.0
2020-08-14,0.1335,0.1335,0.133,0.133,33000000.0,0.130570273,3225399.0,48502248.0
2020-08-13,0.1335,0.1335,0.1335,0.1335,112000000.0,0.130434435,3237525.0,48502248.0
2020-08-12,0.123,0.123,0.123,0.123,1.0,0.130052149,2837381.0,48502248.0
2020-08-11,0.123,0.123,0.123,0.123,1.0,0.130052149,2837381.0,48502248.0
2020-08-10,0.123,0.123,0.123,0.123,1.0,0.130052149,2837381.0,48502248.0
2020-08-07,0.123,0.123,0.123,0.123,1.0,0.130052149,2837381.0,48502248.0
2020-08-06,0.123,0.123,0.123,0.123,1.0,0.130052149,2837381.0,48502248.0
2020-08-05,0.123,0.123,0.123,0.123,1000000.0,0.130052149,2837381.0,48502248.0
2020-08-04,0.117,0.117,0.117,0.117,1.0,0.130210496,2837381.0,48502248.0
2020-08-03,0.117,0.117,0.117,0.117,1.0,0.130210496,2837381.0,48502248.0
2020-07-31,0.117,0.117,0.117,0.117,1.0,0.130210496,2837381.0,48502248.0
2020-07-30,0.117,0.117,0.117,0.117,3000000.0,0.130210496,2837381.0,48502248.0
2020-07-29,0.1175,0.1175,0.1175,0.1175,1.0,0.130230276,2849507.0,48502248.0
2020-07-28,0.1175,0.1175,0.1175,0.1175,1.0,0.130230276,2849507.0,48502248.0
2020-07-27,0.1175,0.1175,0.1175,0.1175,5000000.0,0.130230276,2849507.0,48502248.0
2020-07-24,0.109,0.11,0.109,0.11,1.0,0.129786654,2667624.0,48502248.0
2020-07-23,0.109,0.11,0.109,0.11,1.0,0.129786654,2667624.0,48502248.0
2020-07-22,0.109,0.11,0.109,0.11,2979000000.0,0.129786654,2667624.0,48502248.0
2020-07-21,0.11,0.11,0.11,0.11,1045000000.0,0.128808451,2667624.0,48502248.0
2020-07-20,0.1075,0.1075,0.106,0.106,1.0,0.129329881,2570619.0,48502248.0
2020-07-17,0.1075,0.1075,0.106,0.106,1.0,0.129329881,2570619.0,48502248.0
2020-07-16,0.1075,0.1075,0.106,0.106,1.0,0.129329881,2570619.0,48502248.0
2020-07-15,0.1075,0.1075,0.106,0.106,1.0,0.129329881,2570619.0,48502248.0
2020-07-14,0.1075,0.1075,0.106,0.106,1.0,0.129329881,2570619.0,48502248.0
2020-07-13,0.1075,0.1075,0.106,0.106,17000000.0,0.129329881,2570619.0,48502248.0
2020-07-10,0.105,0.105,0.105,0.105,2500000000.0,0.129540868,2546368.0,48502248.0
2020-07-09,0.105,0.105,0.105,0.105,4010000000.0,0.130802071,2546368.0,48502248.0
2020-07-08,0.095,0.095,0.095,0.095,1.0,0.13174884,2303857.0,48502248.0
2020-07-07,0.095,0.095,0.095,0.095,1219000000.0,0.13174884,2303857.0,48502248.0
2020-07-06,0.095,0.095,0.095,0.095,1.0,0.132098004,2303857.0,48502248.0
2020-07-03,0.095,0.095,0.095,0.095,1.0,0.132098004,2303857.0,48502248.0
2020-07-02,0.095,0.095,0.095,0.095,1.0,0.132098004,2303857.0,48502248.0
2020-07-01,0.095,0.095,0.095,0.095,1.0,0.132098004,2303857.0,48502248.0
2020-06-30,0.095,0.095,0.095,0.095,6000000.0,0.132098004,2303857.0,48502248.0
2020-06-29,0.09,0.091,0.09,0.091,1.0,0.132924891,2206852.0,48502248.0
2020-06-26,0.09,0.091,0.09,0.091,150000000.0,0.132924891,2206852.0,48502248.0
2020-06-25,0.09,0.09,0.09,0.09,1.0,0.132777397,2182601.0,48502248.0
2020-06-24,0.09,0.09,0.09,0.09,1.0,0.132777397,2182601.0,48502248.0
2020-06-23,0.09,0.09,0.09,0.09,123000000.0,0.132777397,2182601.0,48502248.0
2020-06-22,0.09,0.09,0.09,0.09,1.0,0.130923471,2182601.0,48502248.0
2020-06-19,0.09,0.09,0.09,0.09,3100000000.0,0.130923471,2182601.0,48502248.0
2020-06-18,0.085501,0.085501,0.085,0.085,181000000.0,0.131583494,2061346.0,48502248.0
2020-06-17,0.085,0.085,0.085,0.085,1130000000.0,0.133033877,2061346.0,48502248.0
2020-06-16,0.095,0.095,0.095,0.095,3000000.0,0.134255607,2303857.0,48502248.0
2020-06-15,0.085,0.093999,0.085,0.093999,1.0,0.137028864,2279581.0,48502248.0
2020-06-12,0.085,0.093999,0.085,0.093999,245000000.0,0.137028864,2279581.0,48502248.0
2020-06-11,0.099499,0.0995,0.095,0.095,49000000.0,0.143553566,2303857.0,48502248.0
2020-06-10,0.085,0.1,0.085,0.1,102000000.0,0.147275664,2425112.0,48502248.0
2020-06-09,0.095,0.095,0.095,0.095,1.0,0.151929357,2303857.0,48502248.0
2020-06-08,0.095,0.095,0.095,0.095,1.0,0.151929357,2303857.0,48502248.0
2020-06-05,0.095,0.095,0.095,0.095,44000000.0,0.151929357,2303857.0,48502248.0
2020-06-04,0.095,0.095,0.095,0.095,250000000.0,0.156572239,2303857.0,48502248.0
2020-06-03,0.101439,0.101439,0.101439,0.101439,20000000.0,0.155178791,2460010.0,48502248.0
2020-06-02,0.084,0.103999,0.084,0.103999,1.0,0.159612298,2522092.0,48502248.0
2020-06-01,0.084,0.103999,0.084,0.103999,1.0,0.159612298,2522092.0,48502248.0
2020-05-29,0.084,0.103999,0.084,0.103999,401000000.0,0.159612298,2522092.0,48502248.0
2020-05-28,0.1,0.1,0.1,0.1,1.0,0.160055829,2425112.0,48502248.0
2020-05-27,0.1,0.1,0.1,0.1,10000000.0,0.160055829,2425112.0,48502248.0
2020-05-26,0.0948,0.097,0.084,0.097,601000000.0,0.159834103,2352359.0,48502248.0
2020-05-25,0.079,0.0948,0.074001,0.0948,1.0,0.160217453,1794607.0,48502248.0
2020-05-22,0.079,0.0948,0.074001,0.0948,89000000.0,0.160217453,1794607.0,48502248.0
2020-05-21,0.079,0.079,0.074,0.079,81000000.0,0.160259769,1915839.0,48502248.0
2020-05-20,0.079,0.079,0.074,0.079,1.0,0.160121765,1915839.0,48502248.0
2020-05-19,0.079,0.079,0.074,0.079,324000000.0,0.160121765,1915839.0,48502248.0
2020-05-18,0.065001,0.0799,0.065,0.074,304000000.0,0.15995148,1915839.0,48502248.0
2020-05-15,0.08,0.08,0.08,0.08,1.0,0.160706277,1940090.0,48502248.0
2020-05-14,0.08,0.08,0.08,0.08,400000000.0,0.160706277,1940090.0,48502248.0
2020-05-13,0.08,0.0999,0.08,0.0999,61000000.0,0.156804719,2422687.0,48502248.0
2020-05-12,0.09,0.09,0.09,0.09,1.0,0.158045253,2182601.0,48502248.0
2020-05-11,0.09,0.09,0.09,0.09,1.0,0.158045253,2182601.0,48502248.0
2020-05-08,0.09,0.09,0.09,0.09,620032.0,0.158045253,2182601.0,48502248.0
2020-05-07,0.105,0.105,0.105,0.105,1.0,0.160186963,2546368.0,48502248.0
2020-05-06,0.105,0.105,0.105,0.105,1.0,0.160186963,2546368.0,48502248.0
2020-05-05,0.105,0.105,0.105,0.105,1.0,0.160186963,2546368.0,48502248.0
2020-05-04,0.105,0.105,0.105,0.105,1.0,0.160186963,2546368.0,48502248.0
2020-05-01,0.105,0.105,0.105,0.105,1.0,0.160186963,2546368.0,48502248.0
2020-04-30,0.105,0.105,0.105,0.105,26000000.0,0.160186963,2546368.0,48502248.0
2020-04-29,0.11,0.11,0.11,0.11,1.0,0.16287458,2667624.0,48502248.0
2020-04-28,0.11,0.11,0.11,0.11,1.0,0.16287458,2667624.0,48502248.0
2020-04-27,0.11,0.11,0.11,0.11,1.0,0.16287458,2667624.0,48502248.0
2020-04-24,0.11,0.11,0.11,0.11,1707032704.0,0.16287458,2667624.0,48502248.0
2020-04-23,0.1008,0.11,0.1008,0.11,47000000.0,0.161992735,2667624.0,48502248.0
2020-04-22,0.084,0.084,0.084,0.084,14000000.0,0.160029378,2037094.0,48502248.0
2020-04-21,0.084,0.084,0.084,0.084,5000000.0,0.158768879,2037094.0,48502248.0
2020-04-20,0.07,0.07,0.07,0.07,40000000.0,0.160946507,1697579.0,48502248.0
2020-04-17,0.058,0.058,0.058,0.058,1.0,0.149151928,1406565.0,48502248.0
2020-04-16,0.058,0.058,0.058,0.058,1.0,0.149151928,1406565.0,48502248.0
2020-04-15,0.058,0.058,0.058,0.058,1.0,0.149151928,1406565.0,48502248.0
2020-04-14,0.058,0.058,0.058,0.058,1.0,0.149151928,1406565.0,48502248.0
2020-04-13,0.058,0.058,0.058,0.058,1.0,0.149151928,1406565.0,48502248.0
2020-04-10,0.058,0.058,0.058,0.058,1.0,0.149151928,1406565.0,48502248.0
2020-04-09,0.058,0.058,0.058,0.058,1.0,0.149151928,1406565.0,48502248.0
2020-04-08,0.058,0.058,0.058,0.058,1.0,0.149151928,1406565.0,48502248.0
2020-04-07,0.058,0.058,0.058,0.058,100000000.0,0.149151928,1406565.0,48502248.0
2020-04-06,0.052,0.052,0.052,0.052,562000000.0,0.149144755,1261058.0,48502248.0
2020-04-03,0.052,0.052,0.052,0.052,1.0,0.146818316,1261058.0,48502248.0
2020-04-02,0.052,0.052,0.052,0.052,21000000.0,0.146818316,1261058.0,48502248.0
2020-04-01,0.052,0.052,0.052,0.052,1682000000.0,0.149360636,1261058.0,48502248.0
2020-03-31,0.052,0.052,0.052,0.052,7000000.0,0.145774272,1261058.0,48502248.0
2020-03-30,0.045,0.045,0.045,0.045,1.0,0.140856278,1091301.0,48502248.0
2020-03-27,0.045,0.045,0.045,0.045,10000000.0,0.140856278,1091301.0,48502248.0
2020-03-26,0.045,0.045,0.045,0.045,1.0,0.14045589,1091301.0,48502248.0
2020-03-25,0.045,0.045,0.045,0.045,3503000000.0,0.14045589,1091301.0,48502248.0
2020-03-24,0.045,0.045,0.044999,0.044999,1.0,0.140106177,1091276.0,48502248.0
2020-03-23,0.045,0.045,0.044999,0.044999,1.0,0.140106177,1091276.0,48502248.0
2020-03-20,0.045,0.045,0.044999,0.044999,1.0,0.140106177,1091276.0,48502248.0
2020-03-19,0.045,0.045,0.044999,0.044999,1.0,0.140106177,1091276.0,48502248.0
2020-03-18,0.045,0.045,0.044999,0.044999,19000000.0,0.140106177,1091276.0,48502248.0
2020-03-17,0.04,0.04,0.04,0.04,1.0,0.125403037,970045.0,48502248.0
2020-03-16,0.04,0.04,0.04,0.04,32000000.0,0.125403037,970045.0,48502248.0
2020-03-13,0.047,0.049999,0.047,0.049998,1.0,0.122952322,1212508.0,48502248.0
2020-03-12,0.047,0.049999,0.047,0.049998,95000000.0,0.122952322,1212508.0,48502248.0
2020-03-11,0.04799,0.04799,0.04799,0.04799,1.0,0.124031333,1163811.0,48502248.0
2020-03-10,0.04799,0.04799,0.04799,0.04799,1.0,0.124031333,1163811.0,48502248.0
2020-03-09,0.04799,0.04799,0.04799,0.04799,1.0,0.124031333,1163811.0,48502248.0
2020-03-06,0.04799,0.04799,0.04799,0.04799,1.0,0.124031333,1163811.0,48502248.0
2020-03-05,0.04799,0.04799,0.04799,0.04799,1.0,0.124031333,1163811.0,48502248.0
2020-03-04,0.04799,0.04799,0.04799,0.04799,1.0,0.124031333,1163811.0,48502248.0
2020-03-03,0.04799,0.04799,0.04799,0.04799,1.0,0.124031333,1163811.0,48502248.0
2020-03-02,0.04799,0.04799,0.04799,0.04799,229000000.0,0.124031333,1163811.0,48502248.0
2020-02-28,0.045,0.045,0.045,0.045,1.0,0.124912426,970045.0,48502248.0
2020-02-27,0.045,0.045,0.045,0.045,1000000.0,0.124912426,970045.0,48502248.0
2020-02-26,0.05,0.05,0.05,0.05,1.0,0.121762045,1212556.0,48502248.0
2020-02-25,0.05,0.05,0.05,0.05,1.0,0.121762045,1212556.0,48502248.0
2020-02-24,0.05,0.05,0.05,0.05,1.0,0.121762045,1212556.0,48502248.0
2020-02-21,0.05,0.05,0.05,0.05,1.0,0.121762045,1212556.0,48502248.0
2020-02-20,0.05,0.05,0.05,0.05,1.0,0.121762045,1212556.0,48502248.0
2020-02-19,0.05,0.05,0.05,0.05,1227686784.0,0.121762045,1212556.0,48502248.0
2020-02-18,0.044,0.044,0.044,0.044,1.0,0.121722643,1067049.0,48502248.0
2020-02-17,0.044,0.044,0.044,0.044,10000000.0,0.121722643,1067049.0,48502248.0
2020-02-14,0.044,0.044,0.044,0.044,2000000.0,0.120279854,1067049.0,48502248.0
2020-02-13,0.04,0.04,0.04,0.04,70000000.0,0.120711325,970045.0,48502248.0
2020-02-12,0.044,0.044,0.042,0.042,8000000.0,0.119220681,1018547.0,48502248.0
2020-02-11,0.044,0.044,0.044,0.044,55000000.0,0.11814611,1067049.0,48502248.0
2020-02-10,0.044,0.044,0.044,0.044,1274000000.0,0.116644261,1067049.0,48502248.0
2020-02-07,0.044,0.044,0.044,0.044,289000000.0,0.116417373,1067049.0,48502248.0
2020-02-06,0.044,0.044,0.043,0.044,936000000.0,0.114995872,1067049.0,48502248.0
2020-02-05,0.044,0.044,0.044,0.044,3000000.0,0.113798176,1067049.0,48502248.0
2020-02-04,0.044,0.0445,0.044,0.0445,1.0,0.113460232,1079175.0,48502248.0
2020-02-03,0.044,0.0445,0.044,0.0445,1.0,0.113460232,1079175.0,48502248.0
2020-01-31,0.044,0.0445,0.044,0.0445,1.0,0.113460232,1079175.0,48502248.0
2020-01-30,0.044,0.0445,0.044,0.0445,261130816.0,0.113460232,1079175.0,48502248.0
2020-01-29,0.045,0.045,0.045,0.045,124000000.0,0.113630239,1091301.0,48502248.0
2020-01-28,0.045,0.045,0.045,0.045,6000000.0,0.11413574,1091301.0,48502248.0
2020-01-27,0.045,0.045,0.045,0.045,1.0,0.113249529,1091301.0,48502248.0
2020-01-24,0.045,0.045,0.045,0.045,1.0,0.113249529,1091301.0,48502248.0
2020-01-23,0.045,0.045,0.045,0.045,1.0,0.113249529,1091301.0,48502248.0
2020-01-22,0.045,0.045,0.045,0.045,2000000.0,0.113249529,1091301.0,48502248.0
2020-01-21,0.04,0.04,0.04,0.04,2000000.0,0.114108226,970045.0,48502248.0
2020-01-20,0.044,0.044,0.044,0.044,1.0,0.111208277,1067049.0,48502248.0
2020-01-17,0.044,0.044,0.044,0.044,1.0,0.111208277,1067049.0,48502248.0
2020-01-16,0.044,0.044,0.044,0.044,113000000.0,0.111208277,1067049.0,48502248.0
2020-01-15,0.045,0.045,0.0399,0.045,637000000.0,0.084331883,1091301.0,48502248.0
2020-01-14,0.039,0.039,0.039,0.039,1000000.0,0.085071312,945794.0,48502248.0
2020-01-13,0.04488,0.04488,0.04488,0.04488,2000000.0,0.083599554,1088390.0,48502248.0
2020-01-10,0.0393,0.0393,0.0393,0.0393,1.0,0.082081827,906992.0,48502248.0
2020-01-09,0.0393,0.0393,0.0393,0.0393,530686784.0,0.082081827,906992.0,48502248.0
2020-01-08,0.0393,0.0393,0.0393,0.0393,2000000.0,0.082013246,953069.0,48502248.0
2020-01-07,0.033,0.033,0.033,0.033,53000000.0,0.081586446,800287.0,48502248.0
2020-01-06,0.028559,0.028559,0.028559,0.028559,1.0,0.082282408,692588.0,48502248.0
2020-01-03,0.028559,0.028559,0.028559,0.028559,73000000.0,0.082282408,692588.0,48502248.0
2020-01-02,0.028559,0.028559,0.028559,0.028559,5000000.0,0.08270718,692588.0,48502248.0
2020-01-01,0.0238,0.0238,0.0238,0.0238,1.0,0.082592612,577177.0,48502248.0
2019-12-31,0.0238,0.0238,0.0238,0.0238,1.0,0.082592612,577177.0,48502248.0
2019-12-30,0.0238,0.0238,0.0238,0.0238,6000000.0,0.082592612,577177.0,48502248.0
2019-12-27,,,,,1.0,,,
