time,open,high,low,close
12/30/24,115102.33,121210.97,115102.33,119380.66
12/27/24,114560.38,116690.05,114560.38,115102.33
12/26/24,115587.47,116357.63,111937.37,114560.38
12/23/24,114344.87,117063.92,114344.87,115587.47
12/20/24,112449.38,114344.87,112449.38,114344.87
12/19/24,104625.95,112449.38,104625.95,112449.38
12/18/24,103830.62,105253.34,103830.62,104625.95
12/17/24,102360.73,104123.35,102163.55,103830.62
12/16/24,103060.66,103708.73,101634.87,102360.73
12/13/24,103129.52,104459.66,102775.8,103060.66
12/12/24,104874.34,105436.52,102671.27,103129.52
12/11/24,104825.01,105833.12,103384.22,104874.34
12/10/24,105100.73,105798.73,103399.71,104825.01
12/9/24,105143.39,106369.86,104861.45,105100.73
12/6/24,105213.01,106206.95,105143.39,105143.39
12/5/24,106009.55,106358.22,105185.45,105213.01
12/4/24,106360.51,106590.24,105658.38,106139.62
12/3/24,106693.25,107575.3,105049.55,106360.51
12/2/24,107147.55,108022.73,105887.16,106693.25
11/29/24,108537.81,108939.08,106923.97,107147.55
11/28/24,107986.8,109817.5,107986.8,108537.81
11/27/24,109414.51,110026.12,107983.86,107986.8
11/26/24,109426.55,110389.55,109300.58,109414.51
11/25/24,106339.55,110007.47,106339.55,109426.55
11/22/24,105886.31,106771.6,105538.44,106339.55
11/21/24,105165.72,106438.29,105165.72,105886.31
11/20/24,104821.79,106826.57,103867.06,105165.72
11/19/24,104256.23,106060.62,103790.48,104821.79
11/15/24,104654.29,105165.7,101168.57,104256.23
11/14/24,104195.49,104902.91,103686.4,104654.29
11/13/24,102446.09,104198.13,101392.27,104195.49
11/12/24,99831.05,102456.77,99235.57,102446.09
11/11/24,99329.94,101124.02,97437.53,99831.05
11/8/24,99108.84,99345.86,98669.67,99329.94
11/7/24,99171,99464.57,98999.76,99108.84
11/6/24,99434.64,99462.55,97829.99,99171
11/5/24,99733.27,100068.62,98974,99448.9
11/1/24,99607.73,100433.09,99607.73,99733.27
10/31/24,97486.09,99718.3,97486.09,99607.73
10/30/24,97278.3,97952.37,96560.8,97486.09
10/29/24,97939.32,99229.79,97173.58,97278.3
10/28/24,98102.84,100294.55,97688.11,97938.5
10/25/24,96090.26,98854.62,95893.68,98102.84
10/24/24,95119.59,96090.26,93572.64,96090.26
10/23/24,96828.1,96981.68,95039.1,95119.59
10/22/24,97089.44,97602.2,96368.06,96828.1
10/21/24,95972.31,97408.52,95735.75,97089.44
10/18/24,93824.95,96499.48,93824.95,95972.31
10/17/24,93037.91,93845.73,92961.68,93824.95
10/16/24,93041.12,93538.84,91834.62,93037.91
10/15/24,92619.56,93100.91,91932.14,93041.12
10/14/24,92455.02,94206.71,92349.38,92619.56
10/11/24,90379.09,92961.89,90379.09,92455.02
10/10/24,90292.88,91500.81,89705.91,90379.09
10/9/24,89748.2,90561.84,89742.08,90292.88
10/8/24,89862.94,90603.98,88385.91,89754.32
10/7/24,88268.77,91073.71,88101.93,89978.66
10/4/24,88828.15,89144.62,88268.77,88268.77
10/3/24,89382.28,90604.88,88521.31,88828.15
10/2/24,90192.09,90512.05,89367.54,89382.28
10/1/24,91804.92,93724.66,89816.74,90192.09
9/30/24,92398.24,93917.85,91802.28,91804.92
9/27/24,92794.19,93007.98,91911.14,92398.24
9/26/24,94000.06,94240.33,92794.19,92794.19
9/25/24,95560.88,95788.98,93703.55,94000.06
9/24/24,96908.44,97158.92,95560.88,95560.88
9/23/24,97169.03,97499.95,96883.8,96908.44
9/20/24,96970.27,97684.61,96769.48,97169.03
9/19/24,96871.45,97674.82,96378.58,96970.27
9/18/24,97529.05,98331.69,96769.98,96871.45
9/17/24,97562.73,99916.66,97002.19,97529.05
9/13/24,97797.01,98941.52,96962.5,97562.73
9/12/24,98667.73,99572.28,97650.85,97797.01
9/11/24,98913.063,99829.172,98543.578,98667.727
9/10/24,97140.563,99366.406,96792.156,98913.063
9/9/24,95947.523,98799.188,95947.523,97140.563
9/6/24,95910.609,97790.672,95910.609,95947.523
9/5/24,96592.133,96644.992,95632.477,95910.609
9/4/24,96313.883,97566.563,94693.758,96592.133
9/3/24,95606.906,96914.203,93764.953,96313.883
9/2/24,91532.07,97490.227,91532.07,95606.906
8/30/24,91532.07,94820.094,91532.07,91532.07
8/29/24,91705.797,92659.063,90578.273,91532.07
8/28/24,92596.461,93121.023,91261.219,91705.797
8/27/24,94043.273,94209.797,91982.648,92596.461
8/26/24,94746.617,95464.039,93142.852,93151.242
8/23/24,93092.047,94776.43,93092.047,94746.617
8/22/24,93018.656,94309.367,92574.969,93092.047
8/21/24,89556.156,93018.656,89556.156,93018.656
8/20/24,88934.68,90116.594,88685.82,89556.156
8/16/24,89188.281,89419,88819.453,88934.68
8/15/24,87055.219,89188.281,86351.711,89188.281
8/14/24,88294.977,88298.43,86866.352,87055.219
8/13/24,89439.539,91196.617,87764.258,88294.977
8/12/24,91648.258,91752.32,89439.539,89439.539
8/9/24,93213.711,93213.711,91333.594,91648.258
8/8/24,92378.359,93678.109,92378.359,93213.711
8/7/24,92340.18,93372.031,92340.18,92378.359
8/6/24,93101.477,93645.93,92248.813,92340.18
8/5/24,94058.797,95083.32,92950.617,93101.477
8/2/24,92652.891,95229.156,92301.32,94058.797
8/1/24,90190.742,92652.891,89552.078,92652.891
7/31/24,90100.477,91650.227,90100.477,90190.742
7/30/24,88478.828,90349.344,86985.68,90100.477
7/29/24,89244.328,89513.398,85918.773,88478.828
7/26/24,87847.25,89840.531,87847.25,89244.328
7/25/24,86350.531,88563.023,84069.148,87847.25
7/23/24,84814.258,87209.703,84804.773,86350.531
7/22/24,85263.172,86444.953,84798.883,84814.258
7/19/24,84382.188,86069.617,84382.188,85263.172
7/18/24,86848.594,87044.203,82715.047,84382.188
7/17/24,88761.461,89331.039,85912.352,86848.594
7/16/24,90140.82,90963.344,88690.688,88761.461
7/15/24,90723.5,92337.508,90040.391,90140.82
7/12/24,88804.289,91098.617,88804.289,90723.5
7/11/24,88319.938,89186.547,88119.828,88804.289
7/10/24,87595.273,89018.094,86281.617,88319.938
7/9/24,88213.711,88533.906,86987.258,87595.273
7/8/24,88433.844,89240.938,87361.438,88213.711
7/4/24,88817.258,89750.891,86738.43,88433.844
7/3/24,86686.742,89174.344,85933.406,88817.258
7/2/24,80455.844,86686.742,80455.844,86686.742
7/1/24,78695.203,81047.227,78658.203,80455.844
6/28/24,77421.719,78695.203,77421.719,78695.203
6/27/24,77538.43,77814.023,77244.438,77421.719
6/26/24,77083.156,77548.719,76602.773,77538.43
6/25/24,76463.344,77920.703,76463.344,77083.156
6/21/24,76344.469,78374.633,76198.594,76463.344
6/20/24,76518.406,76653.43,76137.883,76344.469
6/19/24,76017.219,76659.133,76017.219,76518.406
6/18/24,75604.344,76811.313,75604.344,76017.219
6/14/24,74469.406,76661.781,74469.406,75604.344
6/13/24,74353.883,75093.328,74353.883,74469.406
6/12/24,72026.688,74353.883,72026.688,74353.883
6/11/24,73241.883,73834.953,72010.43,72026.688
6/10/24,71570.156,73631.172,71570.156,73241.883
6/7/24,71084.906,72126.094,71079.477,71570.156
6/6/24,70255.797,71512,70255.797,71084.906
6/5/24,69482.906,71113.391,69482.906,70255.797
6/4/24,69210.188,72233.297,69210.188,69482.906
5/31/24,68680.492,69648.172,68680.492,69210.188
5/30/24,67635.617,69231.859,67635.617,68680.492
5/29/24,67436.141,67918.953,67436.141,67635.617
5/28/24,67082.711,68137.383,66658.68,67436.141
5/27/24,65752.094,67983.523,65752.094,67082.711
5/24/24,64807.148,65794.32,64558.301,65752.094
5/23/24,65113.602,65935.25,64592,64807.148
5/22/24,63537.879,65859.703,63537.359,65113.602
5/21/24,63189.52,64506.738,62696.98,63537.359
5/20/24,62859.551,64736.281,62584.129,63189.52
5/17/24,62680.672,62972.078,62096.148,62859.551
5/16/24,62719.871,63676.949,54825.699,62680.672
5/15/24,54769.871,55514.469,54102.871,54825.699
5/14/24,55088.5,62436.859,54416.371,54769.871
5/10/24,63950.07,64272.512,63228.672,63262.051
5/9/24,64127.898,64127.898,62406.77,63950.07
5/8/24,63838.691,65041.922,63360.75,64127.898
5/7/24,63369.84,65083.52,62262,63838.691
5/6/24,64629.602,64791.66,63120.641,63369.309
5/3/24,64350.48,65126.82,63049.922,64629.602
5/2/24,62713.43,64439.621,62608.031,64350.48
4/30/24,62033.809,62823.289,61972.379,62713.43
4/29/24,62436.859,62711.988,60723.289,62033.809
4/26/24,62905.91,64443.141,62107.852,62436.859
4/25/24,62348.699,63928.18,62346.57,62905.391
4/24/24,62278.898,63397.121,62265.691,62348.699
4/23/24,63614.809,63924.43,62278.898,62278.898
4/22/24,64513.199,64543.91,63103.449,63631.219
4/18/24,66016.25,66922.109,64513.199,64513.199
4/17/24,65445.699,66883.797,64846.109,66016.25
4/16/24,64895.32,66573.297,64483.469,65445.699
4/15/24,61239.199,65085.781,61239.199,64994.512
4/12/24,60547.922,61515.539,60547.922,61239.199
4/11/24,60565.359,62394.43,60441.031,60547.922
4/10/24,58959.941,60608.559,57738.371,60564.84
4/9/24,58662.531,60753.949,58662.531,58959.941
4/8/24,58983.84,61313.738,58548.961,58662.531
4/5/24,57754.91,59058.051,57747.5,58983.84
4/4/24,57452.578,58910.609,57038.039,57754.91
4/3/24,58116.66,58708.578,57595.93,57595.93
4/2/24,57672.988,59321.738,57457.57,58116.66
4/1/24,55619.961,57745.691,54783.738,57672.988
3/27/24,54853.012,57205.051,54853.012,55619.961
3/26/24,51433.262,55073.238,51433.262,54853.012
3/25/24,50902.391,51666.02,50860.551,51433.262
3/22/24,51002.879,51483.109,50902.391,50902.391
3/21/24,51513.75,52242.109,50977.66,51002.879
3/20/24,52064.66,52174.961,51513.75,51513.75
3/18/24,52081.141,52093.98,51366.531,52064.66
3/15/24,53589.25,53589.25,52075.789,52081.141
3/14/24,53489.02,54125.09,53488.57,53589.25
3/13/24,52193.781,53488.57,52193.781,53488.57
3/12/24,51503.699,52333.129,51329.391,52193.781
3/11/24,50438.988,51726.578,50438.988,51503.699
3/8/24,50100,50784.301,50039.102,50438.988
3/7/24,50069.262,50440.16,49289.789,50100
3/6/24,47998.109,50095.078,47998.109,50095.078
3/5/24,48873.578,50058.23,47210.16,47998.109
3/4/24,49196.699,49832.289,48756.621,48873.578
3/1/24,49444.031,49444.031,49039.941,49196.699
2/29/24,49247.898,50085.051,49247.898,49444.031
2/28/24,49769.941,50839.621,49247.898,49247.898
2/27/24,49461.59,49778.711,48887.988,49769.941
2/26/24,50807.871,51289.379,49461.59,49461.59
2/23/24,50620.559,51108.121,50278.129,50807.871
2/22/24,49772.512,51560.691,49772.512,50620.559
2/21/24,51268.629,51268.629,49262.609,49772.512
2/20/24,51535.57,52435.578,51257,51268.629
2/19/24,51607.078,52891.289,51269.59,51535.57
2/16/24,53114.012,53467.27,51607.078,51607.078
2/15/24,53005.23,53614.539,53005.23,53114.012
2/14/24,53320.109,54778.59,53005.23,53005.23
2/9/24,52839.059,53320.109,52313.09,53320.109
2/8/24,52077.809,53427.48,51853.738,52839.059
2/7/24,53543.859,53543.859,52045.91,52077.809
2/6/24,53702.641,53760.648,53381.441,53543.859
2/5/24,54103.191,54251.93,53702.641,53702.641
2/2/24,53253.289,54103.191,53193.23,54103.191
2/1/24,53529.949,53836.031,52796.828,53253.289
1/31/24,54237.16,54249.859,53121.602,53529.949
1/30/24,54140.02,54388.289,53977.301,54237.16
1/29/24,55030.262,55466.301,54140.02,54140.02
1/26/24,56841.48,56909.41,55004.781,55030.262
1/25/24,57539.41,57539.41,56841.48,56841.48
1/24/24,57979.93,58021.441,57335.691,57539.41
1/23/24,57953.199,59001.191,57916.512,57979.93
1/22/24,57584.23,57986,57264.211,57953.199
1/19/24,56618.172,57699.789,56322.289,57584.23
1/18/24,56790.57,57391.801,56241.621,56618.172
1/17/24,56758.281,56858.789,56353.762,56790.57
1/16/24,56602.801,57076.148,56325.391,56758.281
1/15/24,55899.57,57441.211,55899.57,56602.801
1/12/24,55762.898,55948.359,55668.07,55899.57
1/11/24,56142.25,56380.02,55681.781,55762.898
1/10/24,56041.379,56267.941,55541.578,56142.25
1/9/24,56755.281,56786.5,55849.578,56041.379
1/8/24,57164.41,57189.578,56755.281,56755.281
1/5/24,57525.801,57632.262,56988.57,57164.41
1/4/24,58059.488,58430.469,56577.898,57525.801
1/3/24,58288.82,58365.012,57134.891,58059.488
1/2/24,57832.461,58305.738,57573.941,58288.82
12/29/23,56366.66,58086.891,56366.66,57832.461
12/28/23,56305.16,56366.66,56194.129,56366.66
12/27/23,56522.711,56742.41,56284.02,56305.16
12/26/23,55910.68,56750.48,55910.68,56522.711
12/22/23,55390.328,56765.828,55390.328,55910.68
12/21/23,55422.461,55836.359,55131.5,55390.328
12/20/23,53371.559,56037.051,53371.559,55422.461
12/19/23,54493.93,55198.988,53247.719,53371.559
12/18/23,54642.531,54816.922,54185.91,54493.93
12/15/23,54996.301,55660.699,54642.531,54642.531
12/14/23,55993.441,56253.27,54996.301,54996.301
12/13/23,56971.211,56971.211,55993.441,55993.441
12/12/23,57096.93,57839.949,56971.211,56971.211
12/8/23,58009.488,58134.801,56942.828,57096.93
12/7/23,58331.32,58418.52,58009.488,58009.488
12/6/23,58341.02,58400.57,58175.141,58331.32
12/5/23,58424.359,58887.051,58314.66,58341.02
12/4/23,57522.828,59266.141,57522.828,58424.359
12/1/23,57827.328,58312.16,57522.828,57522.828
11/30/23,57557.129,58236.52,57241.219,57827.328
11/29/23,57618.211,57841.531,56456.488,57557.129
11/28/23,58690.18,58784.672,57615.379,57618.211
11/27/23,58652.32,59035.441,58103.191,58690.18
11/24/23,59280.34,59280.34,58195.48,58652.32
11/23/23,59106.75,60987.32,59106.75,59185.719
11/22/23,57744.57,59200.711,57744.57,59200.711
11/21/23,56688.73,58428.16,56688.73,57744.57
11/20/23,56451.43,56851.031,55488.141,56688.73
11/17/23,57174.879,57174.879,55645.621,56451.43
11/16/23,56897.891,57174.879,56842.922,57174.879
11/15/23,58657.27,58664.211,55751.961,56942.969
11/14/23,57065.98,58754.879,57065.98,58657.27
11/13/23,56332.52,58994.691,55952.352,57065.98
11/10/23,58531.781,59439.16,56332.52,56332.52
11/9/23,58985.82,59375.48,57652.199,58531.781
11/8/23,60154.719,60383.672,58985.82,58985.82
11/7/23,61609.379,62290.488,60154.719,60154.719
11/3/23,59815.18,61881.031,59791.738,61609.379
11/2/23,58173,59908.82,58142.391,59815.18
11/1/23,58800.5,59412.398,58168.32,58173
10/31/23,58245.039,60583.48,58245.039,58800.5
10/27/23,57493.578,58811.219,57465.25,58245.039
10/26/23,60374.711,60919.852,57485.129,57493.578
10/25/23,60958.98,60958.98,58365.641,60374.711
10/24/23,63455.809,63736.91,60007.621,60958.98
10/23/23,54964.48,63455.809,54964.48,63455.809
10/20/23,52922.531,55513.879,52922.531,54964.48
10/19/23,48209.211,52922.531,48207.809,52922.531
10/18/23,46957.16,48239.32,46592.039,48209.211
10/17/23,46710.078,46973.281,46631.27,46957.16
10/16/23,44915.871,46710.078,44915.871,46710.078
10/13/23,44620.961,44986.711,44620.961,44915.871
10/11/23,44400.211,45282.852,44400.211,44620.961
10/10/23,44027.379,44565.59,43617.949,44400.211
10/9/23,44477.648,44477.648,43920.641,44027.379
10/6/23,43958.039,45145.289,43958.039,44477.648
10/5/23,44909.539,44969.551,43869.43,43958.039
10/4/23,44591.512,44909.539,44417.66,44909.539
10/3/23,43079.68,44592.922,43079.68,44591.512
10/2/23,42832.711,44081.352,42623.359,43531.93
9/29/23,40391.07,42838.352,40391.07,42832.711
9/28/23,39745.379,41172.23,39681.641,40391.07
9/27/23,39387.121,40021.898,39387.121,39745.379
9/26/23,39204.762,39654.59,39135.949,39387.121
9/25/23,38957.57,39428.379,38943.422,39204.762
9/22/23,39063.73,39089.77,38779.699,38957.57
9/21/23,39053.59,39407.891,39053.59,39063.73
9/20/23,39068.789,39405.84,39007.672,39053.59
9/19/23,39117.922,39261.379,39067.262,39068.789
9/18/23,38658.051,39237.539,38649.281,39117.922
9/15/23,38257.941,38907.449,38257.941,38658.051
9/14/23,39109.84,39116.398,38216.379,38257.941
9/13/23,38823.691,39611.48,38798.559,39109.84
9/12/23,38842.809,38991.359,38660.879,38823.691
9/8/23,38524.859,38842.809,38510.078,38842.809
9/7/23,38935.809,38935.809,38515,38524.859
9/6/23,38691.398,39684.828,38627.309,38935.809
9/5/23,38625.961,38931.762,38422.34,38691.398
9/4/23,38946.441,39074.719,38598.328,38625.961
9/1/23,38542.941,38946.441,38517.809,38946.441
8/31/23,38121.012,38705.461,38077.57,38542.941
8/30/23,37847.82,38503.949,37605.711,38121.012
8/29/23,37880.941,37980.449,37733.73,37847.82
8/28/23,37379.871,38127.301,37379.871,37880.941
8/25/23,36599.961,37379.871,36207.09,37379.871
8/24/23,36883.43,36887.898,35569.141,36599.961
8/23/23,36903.91,37353.141,36703.691,36883.43
8/22/23,37239.891,37279.359,36138.609,36903.59
8/21/23,37227.238,37289.98,36978.352,37239.891
8/18/23,36871.41,37474.852,36865.891,37227.238
8/17/23,36157.07,36871.41,36017.77,36871.41
8/16/23,35796.91,36601.289,35685.828,36157.07
8/15/23,35896.43,36467.711,35734.68,35796.91
8/11/23,35922.648,36396.32,35843.301,35896.43
8/10/23,36002.301,36151.199,35824.27,35922.648
8/9/23,36372.719,36486.828,36002.301,36002.301
8/8/23,35450.871,36642.211,35006.73,36372.719
8/7/23,34987.301,36023.559,34924.41,35450.871
8/4/23,36021.359,36052.73,34987.301,34987.301
8/3/23,34912.43,36021.359,34820.051,36021.359
8/2/23,34894.949,35206.762,34580.75,34912.43
8/1/23,35783.352,36124.879,34839.48,34894.949
7/31/23,35528.051,36515.121,34772.68,35783.352
7/28/23,35582.23,35784.172,35486.961,35528.051
7/27/23,36112.461,36112.461,35582.23,35582.23
7/26/23,36887.16,36936.961,35935.512,36112.461
7/25/23,36767.82,36959.82,36593.629,36887.16
7/21/23,37062.789,37069.84,36800.262,36892.34
7/20/23,37255,37429.32,36862.922,37062.789
7/19/23,37503.672,37556.012,37220,37255
7/18/23,37048.289,37734.98,36642.199,37503.672
7/17/23,35774.172,37279.969,35774.172,37048.289
7/14/23,34568.941,35774.172,34555.27,35774.172
7/13/23,34879.488,35343.762,33747.141,34568.941
7/12/23,34344.941,35176.25,34344.941,34879.488
7/11/23,34515.09,34898.18,34278.441,34344.941
7/10/23,34387.051,34905.172,34286.852,34515.09
7/7/23,34387.27,34931.359,34215.629,34387.051
7/6/23,34923.43,35242.789,34285.801,34387.27
7/4/23,35414.359,35414.359,34892.211,34923.43
6/30/23,34849.148,35573.52,34751.68,35414.359
6/29/23,33297.18,34981.391,33297.18,34849.148
6/28/23,32850.051,33318.109,32850.051,33297.18
6/27/23,33819.93,33995.859,32794.141,32850.051
6/26/23,34071.77,34292.711,32857.281,33819.93
6/23/23,34906.262,34911.719,34051.711,34071.77
6/22/23,34669.219,35003.051,34661.5,34906.262
6/21/23,34587.879,35018.371,33974.34,34669.219
6/20/23,34583.449,34767.578,34179.16,34587.879
6/16/23,34348.109,34583.449,34251.691,34583.449
6/15/23,34627.5,34627.5,34276.172,34348.109
6/14/23,34697.5,34779.641,34590.262,34627.5
6/13/23,35500.359,35599.969,34370.34,34697.5
6/9/23,34072.781,35522.711,34072.781,35500.359
6/8/23,33653.781,34072.781,32863.102,34072.781
6/7/23,33925.191,34247.32,33195.391,33653.781
6/6/23,33282.75,34159.898,33143.711,33925.191
6/5/23,33729.32,33761.391,33271.762,33282.75
6/2/23,33039.73,33844.309,33039.73,33729.32
6/1/23,33362.961,33538.648,32751.971,33039.73
5/31/23,32545.17,33362.961,32545.17,33362.961
5/30/23,32882.82,32939.219,32221.43,32545.17
5/29/23,32883.879,32966.98,32784.75,32882.82
5/26/23,31884.43,32883.879,31839.73,32883.879
5/25/23,32105.18,32116.41,31730.58,31884.43
5/24/23,32331.211,32331.211,31710.811,32105.18
5/23/23,31919.92,32355.35,31919.92,32331.211
5/19/23,31785.42,31986.801,31385.41,31919.92
5/18/23,32007.49,32007.49,31091.891,31785.42
5/17/23,32333.189,32604.789,31689.359,32007.49
5/16/23,33033.129,33046.32,32283.449,32333.189
5/15/23,33272.051,33358.77,33033.129,33033.129
5/12/23,34108.559,34165.719,32786.941,33272.051
5/11/23,33866.578,34769.98,33866.578,34108.559
5/10/23,33835.469,33975.68,33835.469,33866.578
5/9/23,34069.34,34325.199,33835.469,33835.469
5/8/23,32508.211,34099.77,32508.211,34069.34
5/5/23,31885.051,32520.84,31883.35,32508.211
5/4/23,31873.789,31946.48,31551.391,31885.051
5/3/23,31610.619,31873.789,31535.91,31873.789
5/2/23,30682.109,31610.619,30682.109,31610.619
4/28/23,30460.619,30791.881,30460.619,30682.109
4/27/23,30256.67,30672.02,29783.5,30460.619
4/26/23,29986.42,30280.721,29757.311,30256.67
4/25/23,29782.84,30120.25,29724.051,30005.99
4/24/23,29556.301,29965.75,29514.359,29782.84
4/21/23,28506.74,29556.301,28506.74,29556.301
4/20/23,28377.869,28611.67,28377.869,28508.77
4/18/23,28289.42,28613.17,28279.23,28377.869
4/17/23,28114.73,28678.74,28088.27,28289.42
4/14/23,28615.27,28615.27,28114.73,28114.73
4/13/23,28600.16,28802.539,28515.66,28615.27
4/12/23,28965.82,29391.74,28597.971,28600.16
4/11/23,28575.85,28995.1,28568.859,28965.82
4/10/23,29088.16,29157.199,28575.85,28575.85
4/5/23,28876.779,29703.561,28876.779,29088.16
4/4/23,28695.26,29153.289,28695.26,28876.779
4/3/23,29025.461,29240.439,28028.59,28695.26
3/31/23,29483.1,29495.6,28788.9,29025.461
3/30/23,29038.631,29535.67,28818.59,29483.1
3/29/23,29030.16,29090.189,28759.16,29038.631
3/28/23,28946.24,29582.57,28946.24,29030.16
3/27/23,29098.65,29645.66,28911.289,28946.24
3/24/23,28837.32,29110.5,28830.561,29098.65
3/23/23,28842.1,29074.779,28741.551,28837.32
3/22/23,29479.16,29653.48,28826.93,28842.1
3/21/23,29513.85,29513.85,29338.98,29479.16
3/20/23,28833.84,29566.07,28716.59,29513.85
3/17/23,29364.891,29414.689,28763.66,28833.84
3/16/23,29762.34,30117.27,29359.289,29364.891
3/15/23,30166.35,30236.85,29762.34,29762.34
3/14/23,29998.039,30336.16,29975.779,30166.35
3/13/23,29088.039,30420.539,29085.83,29998.039
3/10/23,28701.6,29404.65,28701.6,29088.039
3/9/23,28717.551,29033.76,28577.08,28701.6
3/8/23,28791.449,28872.811,28717.551,28717.551
3/7/23,28767.34,28791.449,28613.439,28791.449
3/6/23,29035.801,29069.83,28068.311,28767.34
3/3/23,29023.449,29074.98,28823.6,29035.801
3/2/23,29161.039,29231.609,29013.949,29023.449
3/1/23,29202.381,29419.85,29042.9,29161.039
2/28/23,29422.07,29683.369,29202.381,29202.381
2/27/23,28770.961,29671.109,28770.961,29422.07
2/24/23,28106.17,28773.289,28106.17,28770.961
2/23/23,28174.41,28174.41,27914.131,28106.17
2/22/23,27860.01,28199.311,27860.01,28174.41
2/17/23,27872.43,27895.039,27695.689,27860.01
2/16/23,27823.74,27978.359,27770.279,27872.43
2/15/23,27491.279,28037.67,27491.279,27823.74
2/14/23,26525.369,27522.961,26496.67,27491.279
2/13/23,26559.01,26920.35,26391.73,26525.369
2/10/23,26574.119,26941.52,26461.91,26559.01
2/9/23,26698.16,26877.59,26564.369,26574.119
2/8/23,26574.18,26898.881,26574.18,26698.16
2/7/23,26511.061,26919.221,26511.061,26574.18
2/6/23,26010.18,26842.34,26009.961,26511.061
2/3/23,25378.93,26009.961,25378.93,26009.961
2/2/23,25158,25437.58,24995.561,25378.93
2/1/23,24716.59,25159.119,24494.52,25158
1/31/23,23926.301,24716.59,23919.061,24716.59
1/30/23,23820.6,23927.699,23491.51,23926.301
1/27/23,23421.26,24212.369,23414.02,23820.6
1/26/23,22553.609,23421.26,22521.83,23421.26
1/25/23,22376.949,22775.891,22302.23,22553.609
1/24/23,22175.859,22405.43,22125.65,22376.949
1/23/23,22431.529,22755.98,22017.881,22175.859
1/20/23,21955.85,22431.529,21885.1,22431.529
1/19/23,21575.801,21955.85,21575.801,21955.85
1/18/23,20942.68,21604.221,20942.68,21575.801
1/17/23,20287.789,20942.68,20287.789,20942.68
1/16/23,20236.75,20287.789,19557.6,20287.789
1/13/23,19514.881,20236.75,19514.881,20236.75
1/12/23,19619.83,19700.08,19380.32,19514.881
1/11/23,19999.84,19999.84,19518.869,19619.83
1/10/23,19850.961,20032.42,19719.721,19999.84
1/6/23,20747.4,20747.4,19850.961,19850.961
1/5/23,19910.711,20747.4,19884.6,20747.4
1/4/23,20658.15,20858.289,19836.83,19927.689
1/3/23,20907.619,20907.619,20653.91,20658.15
1/2/23,20947.68,20971.75,20907.619,20907.619
12/30/22,19264.631,21110.48,19264.631,20947.68
12/29/22,18841.43,19284.1,18841.43,19264.631
12/28/22,17911.42,19274.529,17911.42,18841.43
12/27/22,16485.16,17911.42,16485.16,17911.42
12/26/22,15854.19,16486.131,15850.9,16485.16
12/23/22,16014.76,16136.1,15781.03,15854.19
12/22/22,16142.1,16184.47,16003.46,16014.76
12/21/22,16421.18,16421.18,16020.03,16142.1
12/20/22,16635.301,16635.609,16421.18,16421.18
12/19/22,16531.391,16826.891,16531.391,16635.301
12/16/22,16448.41,16610.391,16448.41,16531.391
12/15/22,16165.55,16491.369,16136.57,16448.41
12/14/22,16198.55,16201.91,15959.05,16165.55
12/13/22,16462.52,16722.811,16065.79,16198.55
12/9/22,15989.25,16462.52,15923.4,16462.52
12/8/22,16274.28,16274.28,15989.25,15989.25
12/7/22,16114.48,16329.54,16098.54,16274.28
12/6/22,16098.13,16374.38,16098.13,16114.48
12/5/22,15324.54,16105.2,15324.54,16098.13
12/2/22,15188.3,15324.54,15146.83,15324.54
12/1/22,14696.26,15199.21,14696.26,15188.3
11/30/22,14152.46,14696.26,14152.46,14696.26
11/29/22,13808.47,14360.52,13808.47,14152.46
11/28/22,13310.51,13808.47,13310.51,13808.47
11/25/22,12944.63,13310.98,12944.63,13310.51
11/24/22,12581.21,12944.63,12581.21,12944.63
11/23/22,12144.51,12762.94,12144.51,12581.21
11/22/22,11137.53,12145.12,11137.53,12144.51
11/18/22,11026.71,11169.06,11005.53,11137.53
11/17/22,10810.86,11026.71,10810.86,11026.71
11/16/22,10647.05,10835.98,10647.05,10810.86
11/15/22,10545.88,10688.22,10467.12,10647.05
11/14/22,10175.85,10545.91,10175.85,10545.88
11/11/22,9394.7197,10175.85,9394.7197,10175.85
11/10/22,9281.7695,9394.7197,9234.0303,9394.7197
11/9/22,9179.7002,9307.6602,9172.3799,9281.7695
11/8/22,9129.9404,9184.0996,9123.3096,9179.7002
11/7/22,9068.1299,9145.8301,9068.1299,9129.9404
11/4/22,8980.3604,9084.8496,8891.2598,9068.1299
11/3/22,8972.2998,9010.4404,8910.5195,8980.3604
11/2/22,8806.6602,8994.8896,8762,8972.2998
11/1/22,9101.5195,9126.5898,8806.6602,8806.6602
10/28/22,9170.6904,9183.4102,9085.5801,9101.5195
10/27/22,8955.9902,9170.6904,8938.9902,9170.6904
10/26/22,8883.5996,8967.29,8883.0303,8955.9902
10/25/22,8843.2402,8988.0195,8768.5195,8883.5996
10/21/22,8866.75,8869.4902,8821.0195,8843.1699
10/20/22,8889.7002,9029.0801,8862.4297,8866.75
10/19/22,8969.9004,8969.9004,8868.75,8889.7002
10/18/22,9240.9102,9240.9102,8966.2197,8969.9004
10/17/22,9267.7197,9332.4404,9062.8096,9240.9102
10/14/22,9378.7402,9398.6104,9133.8701,9267.7197
10/13/22,9424.8301,9424.8301,9367.9297,9378.7402
10/11/22,9284.4697,9465.9004,9284.4697,9424.8301
10/10/22,8935.0303,9321.7197,8935.0303,9284.4697
10/7/22,8518.1201,8935.0303,8518.1201,8935.0303
10/6/22,8648.3496,8658.3096,8425.0898,8518.1201
10/5/22,8625.2803,8762.0596,8575.8604,8648.3496
10/4/22,8689.5801,8781.4902,8625.2803,8625.2803
10/3/22,8680.79,8689.96,8646.6201,8689.5801
9/30/22,8698.96,8784.0596,8673.7695,8680.79
9/29/22,8621.6504,8753.1504,8621.6504,8698.96
9/28/22,8589.6504,8621.6504,8567.79,8621.6504
9/27/22,8795.5898,8795.5898,8589.6504,8589.6504
9/26/22,8815.8398,8873.8301,8795.5898,8795.5898
9/23/22,8602.7695,8846.4004,8602.7695,8815.8398
9/22/22,8688.9902,8690.75,8542.2002,8602.7695
9/21/22,8734.5596,8746.5596,8670.1299,8688.9902
9/20/22,8734.8301,8785.2305,8647.5703,8734.5596
9/19/22,8622.1104,8769.3896,8622.1104,8734.8301
9/16/22,8600.6299,8677.3896,8507.0898,8622.1104
9/15/22,8543.4404,8698.3799,8543.4404,8600.6299
9/14/22,8517.3398,8549.04,8447.5996,8543.4404
9/13/22,8599.5303,8599.5303,8483.4004,8517.3398
9/12/22,8727.3398,8769.6797,8599.5303,8599.5303
9/9/22,8856.25,8856.25,8700.9502,8727.3398
9/8/22,8953.4697,8953.4697,8782.1699,8856.25
9/7/22,8982.3398,9117.3701,8921.1504,8953.4697
9/6/22,9047.2998,9089.4502,8540.8496,8982.3398
9/5/22,9253.1396,9351.21,9047.2998,9047.2998
9/2/22,9294.5098,9294.5098,9134.1104,9253.0596
9/1/22,9319.5098,9334.71,9158.2998,9294.5098
8/31/22,9324.6396,9324.6396,9169.0596,9319.5098
8/30/22,9304.6396,9330.2402,9228.6201,9324.6396
8/29/22,9701.1396,9701.1396,9227.1201,9304.6396
8/26/22,9555.2002,9782.8496,9555.2002,9701.1396
8/25/22,8490.5303,9581.0303,8490.5303,9555.2002
8/24/22,7606.1401,8492.9805,7598.79,8490.5303
8/23/22,7473.4902,7606.1401,7375.6499,7606.1401
8/22/22,7436.8398,7477.8101,7390.2598,7473.4902
8/19/22,7384.9702,7462.6401,7359.21,7436.8398
8/18/22,7216,7384.9702,7186.0298,7384.9702
8/17/22,7346.0698,7399.6602,7216,7216
8/16/22,7397.4502,7397.4502,7333.4102,7346.0698
8/12/22,7281.0698,7397.4502,7281.0698,7397.4502
8/11/22,7290.1201,7333.0298,7275.4702,7281.0698
8/10/22,7261.1499,7318.7402,7261.1499,7290.1201
8/9/22,7243.3301,7305.9399,7235.4302,7261.1499
8/8/22,7208.2798,7260.48,7208.2798,7243.3301
8/5/22,7135.2798,7220.3101,7135.2798,7208.2798
8/4/22,7119.6001,7194.7002,7117.1099,7135.2798
8/3/22,7335.0601,7411.0498,7099.79,7119.6001
8/2/22,7379.4702,7380.8799,7291.7002,7335.0601
8/1/22,7381.9399,7401.5898,7342.1899,7379.4702
7/29/22,7436.54,7436.54,7374.7402,7381.9399
7/28/22,7520.3901,7520.3901,7428.8101,7436.54
7/27/22,7519.1699,7569.1001,7410.0601,7520.3901
7/26/22,7543.3301,7543.6401,7517.0698,7519.1699
7/25/22,7609.4502,7609.4502,7455.79,7543.3301
7/22/22,7622.5298,7705.2798,7394.8198,7609.4502
7/21/22,7483.8999,7704.1299,7483.8999,7622.5298
7/20/22,7445.5,7504.7402,7438.0698,7483.8999
7/19/22,7422.0698,7470.3101,7385.29,7445.5
7/18/22,6996.9702,7427.0498,6992.6499,7422.0698
7/15/22,6841.3301,7024.9199,6839.8301,6996.9702
7/14/22,6771.2798,6841.3301,6738.6499,6841.3301
7/13/22,6751.8101,6796.2598,6656.7402,6771.2798
7/12/22,6671.0898,6751.8101,6565.9399,6751.8101
7/11/22,6601.0801,6710.29,6482.9399,6671.0898
7/8/22,6542.8301,6657.7998,6479.71,6601.0298
7/7/22,6624.0298,6624.0298,6542.8301,6542.8301
7/6/22,6573.1499,6663.8799,6573.1499,6624.0298
7/1/22,6614.8999,6621.6001,6530.9302,6573.1499
6/30/22,6704.77,6818.0898,6614.8999,6614.8999
6/29/22,6662.3901,6707.3301,6656.4302,6704.77
6/28/22,6787.8599,6877.3999,6634.4199,6662.3901
6/27/22,6803,6823.1499,6717.8501,6787.8599
6/23/22,6584.3501,6838.2002,6578.6699,6815.7998
6/22/22,6395.1001,6584.3501,6376.3599,6584.3501
6/21/22,6355.3101,6430.96,6334.3901,6395.1001
6/17/22,6223.5498,6355.3101,6223.5498,6355.3101
6/16/22,6179.8599,6235.0098,6135.5,6223.5498
6/15/22,6246.0498,6251.73,6162.2002,6179.8599
6/14/22,6219.3999,6250.0898,6219.3999,6246.0498
6/10/22,6125.1802,6228.6602,6125.1802,6219.3999
6/9/22,6136.8901,6139.7998,6050.7002,6125.1802
6/8/22,6274.9702,6280.6401,6069.6499,6136.8901
6/7/22,6205.8701,6274.9702,6198.3301,6274.9702
6/6/22,6198.0898,6223.8599,6131.9302,6205.8701
6/3/22,6063.8901,6198.0898,6062.52,6198.0898
6/2/22,6079.48,6149.5698,6056.7998,6063.8901
6/1/22,6097.4902,6119.5801,6058.48,6079.48
5/31/22,6148.6001,6148.6001,6047.9199,6097.4902
5/27/22,6045.8799,6154.52,6015.9502,6148.6001
5/26/22,6147.4199,6203.5,6012.1899,6045.8799
5/25/22,6308.6499,6402.2598,6146.8501,6147.4199
5/24/22,6320.6099,6402.2202,6308.6001,6308.6001
5/23/22,6224.5801,6326.1899,6224.5801,6320.6099
5/20/22,6171.6602,6224.5801,6113.5801,6224.5801
5/19/22,6112.7598,6177.04,6112.7598,6171.6602
5/18/22,6124.7598,6139.75,6081.52,6112.7598
5/17/22,6048,6155.8501,6048,6124.7598
5/16/22,5899.6299,6048,5891.52,6048
5/13/22,5754.5898,5936.48,5754.5898,5899.6299
5/12/22,5651.6899,5755.7202,5624.6699,5754.5898
5/11/22,5648.5298,5718.23,5644.3599,5651.6899
5/10/22,5682.1401,5682.1401,5555.8398,5648.5298
5/9/22,5705.7998,5708.4102,5640.02,5682.0898
5/6/22,5698.1699,5715.02,5666.6201,5705.7998
5/5/22,5657.73,5698.1699,5657.73,5698.1699
5/4/22,5660.0098,5677.0098,5646.4102,5657.73
5/3/22,5659.0498,5703.8901,5643.3501,5660.0098
5/2/22,5675.6699,5688.6699,5659.0498,5659.0498
4/29/22,5641.0098,5683,5632.21,5675.6699
4/28/22,5637.9199,5731.2798,5561.77,5641.0098
4/27/22,5783.1699,5807.52,5615.1201,5637.9199
4/26/22,5809.0498,5811.9502,5781.21,5783.6499
4/25/22,5810.8999,5810.8999,5719.8301,5809.0498
4/22/22,5954.5098,5989.1602,5810.8999,5810.8999
4/21/22,6006.1499,6039.71,5954.5098,5954.5098
4/20/22,5961.54,6028.3999,5961.54,6006.1499
4/18/22,5951.3101,5961.54,5847.52,5961.54
4/13/22,5591.0601,5984.8101,5588.7998,5951.3101
4/12/22,5414.0298,5637.9102,5387.1499,5591.0601
4/11/22,5471.79,5471.79,5410.77,5414.0298
4/8/22,5369.0898,5474.6201,5369.0898,5471.79
4/7/22,5451.4502,5462.6299,5366.8501,5369.0898
4/6/22,5525.2998,5578.1802,5444.52,5451.4502
4/5/22,5369.52,5525.2998,5369.52,5525.2998
4/4/22,5373.73,5381.0498,5324.5098,5369.52
4/1/22,5190.3398,5373.73,5181.6299,5373.73
3/31/22,5181.5801,5196.3101,5169.3999,5190.3398
3/30/22,5184.6201,5186.5,5179.4302,5181.5801
3/29/22,5218.6802,5218.9199,5176.5801,5184.6201
3/28/22,5241.8198,5287.3301,5199.73,5218.6802
3/25/22,5234.02,5299.8101,5212.6802,5241.8198
3/24/22,5198.4102,5278.2998,5198.4102,5234.02
3/23/22,5221.7998,5266.9702,5106.1899,5198.4102
3/22/22,5254.4302,5254.4302,5213.2202,5221.7998
3/21/22,5303.4302,5303.4302,5254.4302,5254.4302
3/18/22,5220.5898,5320.6602,5220.5898,5303.4302
3/17/22,5232.0298,5272.1499,5203.73,5220.5898
3/16/22,5212.77,5232.46,5154.48,5231.9902
3/15/22,5142.0698,5253.5298,5123.4399,5212.77
3/14/22,5252.6401,5264.8901,5137.7798,5142.0698
3/11/22,5098.7998,5263.7202,5098.7998,5252.6401
3/10/22,5143.8901,5144.1099,5076.7998,5098.7998
3/9/22,5102.3198,5143.8501,5042.1099,5143.8501
3/8/22,5170.71,5179.1699,5094.2598,5102.3198
3/7/22,5161.52,5193.4399,5147.6001,5170.71
3/4/22,5281.1499,5281.6401,5058.5298,5161.52
3/3/22,5298.3501,5298.3501,5265.6602,5281.1499
3/2/22,5268.5098,5312.0898,5268.4702,5298.3501
2/25/22,5347.6401,5347.6401,5264.8198,5268.4702
2/24/22,5340.71,5350.3101,5314.3501,5347.6401
2/23/22,5349.2002,5355.04,5329.2002,5340.71
2/22/22,5394.8501,5412.1401,5345.2798,5349.2002
2/21/22,5409.3599,5423.5,5394.8501,5394.8501
2/18/22,5416.6899,5498.1899,5391.29,5409.3599
2/17/22,5427.2798,5427.2798,5303.5698,5416.6899
2/16/22,5437.3999,5469.1802,5404.0098,5427.2798
2/15/22,5453.1499,5461.9199,5357.1299,5437.3999
2/14/22,5495.23,5517.3999,5441.7798,5453.1499
2/11/22,5548.3799,5552.8599,5479.3101,5495.23
2/10/22,5521.0801,5564.3799,5456.2402,5548.3799
2/9/22,5524.9102,5540.0601,5473.1099,5521.0801
2/8/22,5484.96,5598.3501,5484.96,5524.9102
2/7/22,5377.8301,5486.6602,5377.8301,5484.96
2/4/22,5472.8799,5515.6499,5377.8301,5377.8301
2/3/22,5500.2402,5534.7798,5459.48,5472.8799
2/2/22,5523.1201,5569.0601,5432.0801,5500.2402
2/1/22,5668.8799,5680.4199,5515.25,5523.1201
1/31/22,5614.4502,5671.46,5577.71,5668.8799
1/28/22,5559.46,5614.4502,5533.27,5614.4502
1/27/22,5614.2998,5614.2998,5485.3701,5559.46
1/26/22,5718.8101,5826.8198,5614.2998,5614.2998
1/25/22,5591.1499,5821.8398,5591.1499,5718.8101
1/24/22,5740.0898,5771.6401,5577.1299,5591.1499
1/21/22,5708.0698,5768.6401,5708.0698,5740.0898
1/20/22,5776.9399,5814.29,5708.0698,5708.0698
1/19/22,5851.3901,5873.0098,5737.6499,5776.9399
1/18/22,5902.3198,5914.9399,5807.7002,5851.3901
1/14/22,5820.1401,5949.1099,5820.1401,5902.3198
1/13/22,5832.8398,5853.6401,5803.1201,5820.1401
1/12/22,5871.6201,5881.8599,5781.9702,5832.8398
1/11/22,5892.8901,5903.6899,5846.6001,5871.6201
1/7/22,5853.4399,5918.48,5853.4399,5892.8901
1/6/22,5853.8999,5975.5601,5853.4399,5853.4399
1/5/22,5857.5801,5900.3198,5853.8999,5853.8999
1/4/22,5782.21,5858.2798,5782.21,5857.5801
1/3/22,5918.6802,5944.1699,5782.21,5782.21
12/30/21,5760.3501,5935.4502,5760.3501,5918.6802
12/29/21,5805.54,5845.8301,5760.3501,5760.3501
12/28/21,5801.1802,5861.4199,5800.7598,5805.54
12/27/21,5742.8301,5802.7598,5742.8301,5801.1802
12/23/21,5710.2998,5742.8301,5647.23,5742.8301
12/22/21,5629.8101,5710.2998,5527.1699,5710.2998
12/21/21,5661.2598,5689.6802,5628.0498,5629.8101
12/20/21,5713.3599,5713.3599,5575.7002,5661.2598
12/17/21,5620.79,5752.8501,5620.2202,5713.3599
12/16/21,5712.2202,5736.29,5620.79,5620.79
12/15/21,5749.5298,5763.75,5680.46,5712.2202
12/14/21,5823.8799,5951.5098,5749.5298,5749.5298
12/10/21,5831.9902,5932.3198,5812.6699,5823.8799
12/9/21,6029.3398,6036.25,5824.3301,5831.9902
12/8/21,6060.7798,6139.6099,5947.5,6029.3398
12/7/21,6243.3599,6251.1602,6038.6899,6060.7798
12/6/21,6381.4102,6392.21,6243.3198,6243.3599
12/3/21,6451.7598,6515.4502,6280.3901,6381.4102
12/2/21,6446.7202,6489.4302,6321.9399,6451.7598
12/1/21,6453.5601,6464.9399,6438.8799,6446.7202
11/30/21,6442.0601,6492.8398,6379.5298,6453.5601
11/29/21,6318.5698,6456.79,6316.2402,6442.0601
11/26/21,6164.0098,6318.8701,6164.0098,6318.8701
11/25/21,6119.9102,6225.4102,6119.9102,6164.0098
11/24/21,6174.1602,6225.3301,6119.04,6119.9102
11/23/21,6043.9702,6219.29,5962.1802,6174.1602
11/19/21,5998.9702,6111.21,5983.0098,6043.9199
11/18/21,5968.4199,6051.96,5962.46,5998.9702
11/17/21,5962.4502,6028.77,5883.4502,5968.4199
11/16/21,5973.5098,5976,5883.23,5962.4502
11/15/21,6014.6401,6027.7798,5948.9502,5973.5098
11/12/21,6078.5098,6078.96,5934.9302,6014.6401
11/11/21,6190.8799,6190.8799,6028.4302,6078.5098
11/10/21,6113.25,6218.4702,6110.0601,6190.8799
11/9/21,6316.4399,6352,6070.6401,6113.25
11/8/21,5855.23,6316.4399,5855.23,6316.4399
11/5/21,5680.1499,5886.2998,5680.1499,5855.23
11/4/21,5686.1299,5763.29,5674.4302,5680.1499
11/3/21,5719.0098,5731.1299,5680.1499,5686.1299
11/2/21,5531.7798,5719.0098,5531.73,5719.0098
10/29/21,5446.23,5574.3198,5439.7202,5531.73
10/28/21,5446.23,5501.0098,5446.23,5446.23
10/27/21,5501.02,5567.98,5423.7798,5470.4199
10/26/21,5749.23,5784.5698,5496.8101,5501.02
10/25/21,6048.4399,6048.4399,5728,5749.23
10/22/21,5419.6699,6048.4399,5418.6499,6048.4399
10/21/21,5359.3301,5419.9199,5353.0698,5419.6699
10/20/21,5443.3501,5462.2998,5359.0898,5359.3301
10/19/21,5503.6899,5581.9702,5411.5298,5443.3501
10/18/21,5603.3198,5603.3198,5491.4199,5503.6899
10/15/21,5650.3501,5656.52,5579.4102,5603.3198
10/14/21,5638.4502,5676.4199,5610.21,5650.3501
10/13/21,5742.8701,5764.46,5632.4902,5638.4502
10/11/21,5700.3198,5893.2598,5700.3198,5742.8701
10/8/21,5685.3198,5734.2402,5672.7202,5700.3198
10/7/21,5780.4102,5785.9502,5685.3198,5685.3198
10/6/21,5890.9302,5890.9302,5769.6001,5780.4102
10/5/21,6219.1802,6242.4702,5885.6602,5890.9302
10/4/21,6219.1802,6247.5601,6031.1401,6219.1802
9/29/21,6137.1499,6219.8599,6063.3198,6219.1299
9/28/21,6051.6602,6137.1499,5971.1602,6137.1499
9/27/21,5703.75,6051.6602,5645.4199,6051.6602
9/24/21,5673.1299,5745.02,5672.6699,5703.75
9/23/21,5652.3101,5727.0698,5607.52,5673.1299
9/22/21,5695.7402,5715.5,5652.3101,5652.3101
9/21/21,5805.9902,5805.9902,5669.1699,5695.7402
9/20/21,5898.9502,5899.8701,5775.5098,5805.9902
9/17/21,5859.21,5900.8398,5859.21,5898.9502
9/16/21,5895.3101,6174.5298,5856.9399,5859.21
9/15/21,5882.1299,5896.1299,5875.75,5895.3101
9/14/21,5903.48,6003.1201,5845.2002,5882.1299
9/13/21,5989.6299,6006.5601,5903.48,5903.48
9/10/21,6002.25,6057.0898,5987.1201,5989.6299
9/9/21,6019.6699,6020.8301,5956.0098,6002.25
9/8/21,5976.4399,6073.27,5940.8999,6019.6699
9/7/21,6235.96,6235.96,5973.7002,5976.4399
9/6/21,6371.79,6382.4902,6217.0898,6235.96
9/3/21,6536.71,6573.7402,6371.79,6371.79
9/2/21,6635.1899,6635.7798,6481.0898,6536.71
9/1/21,6613.6699,6669.73,6542.5898,6635.1899
8/31/21,6654.1099,6822.2798,6582.0298,6613.6699
8/30/21,6706.46,6800.6099,6591.5498,6654.1099
8/27/21,6671.3901,6774.2002,6665.1899,6706.46
8/26/21,6663.6099,7015.96,6662.2998,6671.3901
8/25/21,6781.0498,6841.7402,6564.1602,6663.6099
8/24/21,6779.6899,6840.0898,6681.8701,6781.0498
8/23/21,6581.2402,6779.6899,6581.2402,6779.6899
8/20/21,6423.8398,6581.2402,6423.2798,6581.2402
8/19/21,6176.9102,6423.8398,6176.9102,6423.8398
8/18/21,6083.8398,6176.9102,6031.2598,6176.9102
8/17/21,6091.7202,6098.0601,6059.0801,6083.8398
8/16/21,6035.5601,6096.8198,6025.1201,6091.7202
8/13/21,6050.1899,6078.2202,5991.48,6035.5601
8/12/21,6001.1602,6050.1899,5963.2598,6050.1899
8/11/21,6070.1201,6073.8799,5958.5098,6001.1602
8/10/21,5998.8301,6071.23,5942.0898,6070.1201
8/9/21,6066.5098,6094.9902,5902.46,5998.8301
8/6/21,6006.5601,6138.0601,5943.9102,6066.5098
8/5/21,5913.8799,6019.8999,5881.6899,6006.5601
8/4/21,6131.3301,6134.1001,5793.54,5913.8799
8/3/21,5754.4399,6131.3301,5754.4399,6131.3301
8/2/21,5733.8599,5754.46,5668.4199,5754.4399
7/30/21,5584.4702,5733.8701,5584.4702,5733.8599
7/29/21,5444.8301,5696.4399,5444.8301,5584.4702
7/28/21,5765.5801,5820.3799,5444.8301,5444.8301
7/27/21,5891.8198,5905.8999,5765.1201,5765.5801
7/26/21,5913.96,5962.5801,5884.2002,5891.8198
7/23/21,5711.6401,5913.96,5710.1499,5913.96
7/22/21,5708.4399,5711.6401,5575.3198,5711.6401
7/21/21,5733.6201,5733.6201,5595.3101,5708.4399
7/20/21,5558.21,5757.8999,5558.21,5733.6201
7/19/21,5691.4102,5730.4302,5541.2202,5558.21
7/16/21,5513.3198,5692.2598,5513.3198,5691.4102
7/15/21,5002.3198,5588.1802,5002.3198,5513.3198
7/14/21,4911.4502,5049.7202,4911.4502,5002.3198
7/13/21,4907.5698,5026.8398,4878.7998,4911.4502
7/12/21,4913.1699,5047.9502,4886.9102,4907.5698
7/9/21,4881.1099,4913.1699,4848.0498,4913.1699
7/8/21,4988.21,4997.5601,4876.8301,4881.1099
7/7/21,5085.9902,5085.9902,4942.2998,4988.21
7/6/21,5099.1299,5110.6001,5081.3799,5085.9902
7/2/21,5168.5098,5195.8901,5084.27,5099.1299
7/1/21,5137.8398,5198.0898,5136.8999,5168.5098
6/30/21,5052.3901,5176.1899,5029.75,5137.8398
6/29/21,5032.1201,5200.7998,5032.1201,5052.3901
6/25/21,4857.7598,5047.5098,4837.8501,5032.1201
6/23/21,4897.3198,4905.0698,4830.4902,4857.7598
6/22/21,4894.2202,4917.5,4829.6401,4897.3198
6/21/21,4915.4302,4933.0098,4880.8101,4894.2202
6/18/21,4758.8999,4915.4302,4718.6499,4915.4302
6/17/21,4776.4302,4776.4302,4742.2002,4758.8999
6/16/21,4925.0098,4944.3901,4729.5098,4776.4302
6/15/21,4946.2402,4978.0098,4828.6001,4925.0098
6/11/21,4933.1099,5081.21,4928.9399,4946.2402
6/10/21,5077.7002,5090.46,4902.0601,4933.1099
6/9/21,5073.6401,5110.79,5041.6299,5077.7002
6/8/21,5103.3901,5106.8999,5034.7402,5073.6401
6/7/21,5095.2002,5137.5,5062.7998,5103.3901
6/4/21,4996.8799,5145.7798,4983.9102,5095.25
6/3/21,4943.54,4996.8799,4923.4102,4996.8799
6/2/21,5185.4902,5185.4902,4873.29,4943.54
6/1/21,5262.0801,5262.0801,5091.1001,5185.4902
5/31/21,5430.46,5430.46,5260.0298,5262.0801
5/28/21,5251.5498,5432.5698,5251.2998,5430.46
5/27/21,5514.6699,5527.1802,5251.5498,5251.5498
5/26/21,5674.0601,5675.9199,5514.6699,5514.6699
5/25/21,5788.4399,5817.79,5674.0601,5674.0601
5/21/21,5798.7002,5910.25,5747.5,5788.4399
5/20/21,5781.6499,5830.1899,5748.73,5798.7002
5/19/21,5522.5601,5781.6499,5522.5601,5781.6499
5/18/21,5582.0098,5626.3398,5460.4902,5522.5601
5/17/21,5516.5898,5718.4502,5516.5898,5582.0098
5/14/21,5231.73,5519.3301,5231.73,5516.5898
5/13/21,5306.6899,5359.8198,5168.1299,5231.73
5/12/21,5477.9102,5488.5098,5276.1201,5306.6899
5/11/21,5642.2002,5672.4302,5457.3501,5477.9102
5/10/21,5560.6899,5714.9902,5560.6899,5642.2002
5/7/21,5085.1699,5572.3799,5085.1699,5560.6899
5/6/21,4867.5298,5132.8599,4867.5298,5085.1699
5/5/21,4754.9702,4900.1699,4754.9702,4867.5298
5/4/21,4667.2402,4809.2002,4667.2402,4754.9702
5/3/21,4691.3398,4770.48,4667.2402,4667.2402
4/30/21,4761.6401,4790.25,4662.3101,4691.3398
4/29/21,4646.0098,4761.6401,4646.0098,4761.6401
4/28/21,4364.4199,4646.3599,4364.4199,4646.0098
4/27/21,4149.6802,4378.0498,4149.6802,4364.4199
4/26/21,3738.9299,4149.6802,3738.9299,4149.6802
4/23/21,3319.6799,3738.9299,3319.6799,3738.9299
4/22/21,3236.3999,3319.6799,3236.3999,3319.6799
4/21/21,3188.8401,3261.0801,3181.6101,3236.3999
4/20/21,3084.9099,3188.8401,3084.9099,3188.8401
4/16/21,3093.95,3106.4299,3076.97,3084.9099
4/13/21,2970.1799,3012.8,2970.1799,3004.6699
4/12/21,2948.26,2975.75,2919.5801,2970.1799
4/9/21,2920.8101,2948.26,2888.5601,2948.26
4/8/21,2844.8999,2920.8101,2827.76,2920.8101
4/7/21,2828.8101,2867.8301,2828.8101,2844.8999
4/6/21,2831.53,2861.6499,2797.03,2828.8101
4/5/21,2822.1001,2837.6299,2805,2831.53
3/31/21,2744.78,2844.0801,2744.78,2837.6299
3/30/21,2749.3301,2785.3899,2733.74,2744.78
3/29/21,2792.74,2803.03,2749.3301,2749.3301
3/26/21,2708.4099,2795.1499,2708.4099,2792.74
3/25/21,2689.28,2718.0601,2678.5801,2708.4099
3/24/21,2660.1499,2690.3899,2660.1499,2689.28
3/23/21,2661.1799,2667.5801,2632.24,2660.1499
3/22/21,2694.7,2694698.3,2640.8701,2661.1799
3/18/21,2702129.5,2709187.5,2601810.3,2694698.3
3/17/21,2699170.8,2754244.5,2687682,2702129.5
3/16/21,2668313.5,2704329,2667323.5,2699170.8
3/15/21,2645283.8,2704986.5,2623152.3,2668313.5
3/12/21,2606643.8,2656041.8,2599212,2645283.8
3/11/21,2576883.8,2655894,2576860.5,2606643.8
3/10/21,2615435.5,2615896,2531814.3,2576883.8
3/9/21,2511679.3,2624006.8,2511655.5,2615668.5
3/8/21,2441750,2518902.8,2439508,2511655.5
3/5/21,2393488.5,2441750,2381759,2441750
3/4/21,2343334.5,2400228.5,2299634.5,2393488.5
3/3/21,2493808.8,2495074.5,2300451.5,2343334.5
3/2/21,2350514.5,2529399.3,2350514.5,2493808.8
2/26/21,2150334,2319466.8,2150334,2300775.8
2/25/21,2053756.8,2169464.3,2041016.8,2150334
2/24/21,2024784.5,2060999.4,2018680.1,2053756.8
2/23/21,2014488.6,2033624.9,2014488.6,2024784.5
2/22/21,1908051.9,2018358.8,1898303.3,2014488.6
2/19/21,1875271,1908051.9,1873841.5,1908051.9
2/18/21,1859841.9,1881404.1,1854348.5,1875271
2/17/21,1870964.6,1887698.4,1855292.4,1859847.6
2/12/21,1882781.5,1895619,1870964.6,1870964.6
2/11/21,1874510.9,1883362.3,1866108.4,1882781.5
2/10/21,1870622.4,1886935.5,1860197.5,1874510.9
2/9/21,1850033.3,1871633.6,1829031.8,1870622.4
2/8/21,1877815.8,1883884.3,1843176.9,1850033.3
2/5/21,1903205.5,1912791.5,1876766.8,1877815.8
2/4/21,1937007.5,1937284,1903205.5,1903205.5
2/3/21,1888852.8,1937974.9,1887222.5,1937007.5
2/2/21,1903875.5,1927793.1,1876038.4,1887222.5
2/1/21,1924354.8,1966441,1905502.9,1905502.9
1/29/21,1921557.4,1946834.6,1905128.6,1924354.8
1/28/21,1909861.3,1940941,1909082.4,1921557.4
1/27/21,1887118.9,1924251.4,1879905.5,1909861.3
1/26/21,1936237.3,1942806.6,1887118.9,1887118.9
1/25/21,1997191.9,1997191.9,1934823.1,1936237.3
1/22/21,1925396.5,2017488.6,1925396.5,1997191.9
1/21/21,1785018.8,1925396.5,1784906.8,1925396.5
1/20/21,1799541.9,1863816,1767454.3,1785018.8
1/19/21,1741966.1,1799541.9,1741966.1,1799541.9
1/15/21,1818485.6,1867023.9,1715196.1,1741966.1
1/14/21,1745892,1818485.6,1731584.1,1818485.6
1/13/21,1804195.8,1810767.8,1737555.8,1745892
1/12/21,1905696,1922445.1,1740890.9,1804195.8
1/8/21,1657941.1,1905696,1657941.1,1905696
1/7/21,1449892.5,1659077.8,1449892.5,1657941.1
1/6/21,1381986.8,1449892.5,1381804.1,1449892.5
1/5/21,1448283.6,1450281.8,1381986.8,1381986.8
1/4/21,1332059.9,1461508.1,1332059.9,1448283.6
12/30/20,1252254.5,1332059.9,1252254,1332059.9
12/29/20,1238367.3,1254494.8,1171856.8,1252254.5
12/28/20,1229396.4,1238367.3,1217590.9,1238367.3
12/23/20,1230221.9,1240935.9,1218098.9,1229396.4
12/22/20,1235117,1251386.9,1223188.4,1230221.9
12/21/20,1267251.3,1278646.9,1234416.4,1235117
12/18/20,1270626.6,1272113.3,1261542.5,1267251.3
12/17/20,1322428.4,1326643.1,1270626.6,1270626.6
12/16/20,1331370.5,1369001.9,1285729.1,1322428.4
12/15/20,1288431.3,1345721.1,1288431.3,1331370.5
12/11/20,1279129.8,1302994.5,1279129.8,1288431.3
12/10/20,1298415.4,1302660,1278673.5,1279129.8
12/9/20,1314862,1340935.9,1293997.6,1298415.4
12/8/20,1344245.5,1345132.9,1298744.3,1314862
12/7/20,1376478.1,1401392.1,1341600.1,1344245.5
12/4/20,1291285.6,1376478.1,1291285.6,1376478.1
12/3/20,1230764.6,1308257.6,1230764.6,1291285.6
12/2/20,1265970.1,1291598,1202707.1,1230764.6
12/1/20,1273562.3,1316440,1265970.1,1265970.1
11/30/20,1142987.5,1274037.4,1142802,1273550.4
11/27/20,891480.44,1142802,891463.56,1142802
11/26/20,800894.19,891463.56,800859.94,891463.56
11/25/20,794039.06,803602.88,792836.25,800859.94
11/24/20,699912.81,794039,699912.81,794039
11/20/20,638019.44,699912.81,638019.44,699912.81
11/19/20,628845.38,638019.44,628845.38,638019.44
11/18/20,622095.06,631116.88,622095.06,628845.38
11/17/20,622016,624773.75,616092.19,622095.06
11/16/20,632146.94,634104.5,621876.81,622016
11/13/20,609044.13,632147,609044.13,632147
11/12/20,596108.06,609044.13,596108.06,609044.13
11/11/20,590654.75,596290.75,590654.75,596108.06
11/10/20,583980,591204.69,582664.31,590654.75
11/9/20,582302.19,584429.69,582302.19,583980
11/6/20,580773.94,585956.44,580773.94,582302.19
11/5/20,577284,581826.69,576928.94,580773.94
11/4/20,579560,580756.06,574351.69,577284
11/3/20,576075.19,583300.25,575292.19,579560
11/2/20,580091.63,580810.94,568057.31,576075.19
10/30/20,576982.06,582143.81,576982.06,580091.63
10/29/20,573980.38,577543.88,572584.06,576982.06
10/28/20,556011.81,584678,556011.81,573980.38
10/27/20,565517.25,568604.13,556011.81,556011.81
10/26/20,557704.31,574340.25,557704.31,565517.25
10/23/20,553045.88,557704.31,549125.19,557704.31
10/22/20,555263.19,555263.19,551135.63,553045.88
10/21/20,557238.38,561811.63,544576.25,555263.19
10/20/20,550026.75,559459.5,550026.75,557238.38
10/19/20,549667.5,558906.81,549096.31,550026.75
10/16/20,551187.06,552914.63,549148.69,549667.5
10/15/20,554087.94,556526,551187.06,551187.06
10/14/20,556163.5,558257.19,554024.81,554087.88
10/13/20,545353.88,558598.13,545258.38,556163.5
10/9/20,546595.56,546753.19,545271.81,545353.88
10/8/20,541102.56,547941.5,541102.56,546595.56
10/7/20,546806.88,546922.5,540948.56,541102.56
10/6/20,542730.56,546989.75,538071.63,546806.88
10/5/20,542702.31,547711.25,542672.25,542730.56
10/2/20,542611.63,551409.63,542611.63,542702.31
10/1/20,538853.88,547446.94,537990,542611.63
9/30/20,531888.44,539177.25,531888.44,538853.88
9/29/20,522748.19,533168.44,518809.28,531888.44
9/28/20,519983.75,526154.56,519983.75,522748.19
9/25/20,509008.97,519983.75,509008.97,519983.75
9/24/20,504419.97,509226.84,504157.91,509008.97
9/23/20,500023.22,508347.59,500023.22,504419.97
9/22/20,509832.94,514525.94,500023.22,500023.22
9/21/20,501814,514299.31,501142.78,509832.94
9/18/20,511517.28,513287.44,501311.72,501814
9/17/20,512260.53,513995,505639.66,511517.28
9/16/20,502989.88,512345.41,502307.69,512260.53
9/15/20,515007.44,515076.09,502989.88,502989.88
9/11/20,517252.97,518339.81,514529.81,515007.44
9/10/20,518466.53,518858.59,516948.13,517252.97
9/9/20,520968.38,521184.94,518466.53,518466.53
9/8/20,522114.5,522284.97,520335.63,520968.38
9/7/20,522039.56,524112.63,520925.16,522114.5
9/4/20,518272.06,522644.88,518272.06,522039.56
9/3/20,517866.72,519360.19,517866.72,518272.06
9/2/20,518570.84,519381.69,507237.22,517866.72
9/1/20,522587.56,523560.75,518401.34,518570.84
8/31/20,523875.56,526400.25,518883.72,522587.56
8/28/20,513620.69,525466.5,513620.69,523875.56
8/27/20,515882.72,519568,513439.03,513620.69
8/26/20,515316.41,517064.44,510184.78,515882.72
8/25/20,508911.78,522864.06,508911.78,515316.41
8/24/20,502578.91,510048.06,502578.91,508911.78
8/21/20,498633.72,502844.28,496295.13,502578.91
8/20/20,490779.88,500558.34,490615.22,498633.72
8/19/20,486442.09,491831.66,485315.38,490779.88
8/18/20,487795.19,489570.53,485091.28,486442.09
8/17/20,497343.88,499795.44,487795.19,487795.19
8/14/20,491593.56,498589.59,491593.56,497343.88
8/13/20,463802.47,492182.59,463770.31,491593.56
8/12/20,450683.81,463802.47,450683.81,463802.47
8/11/20,479024.22,479024.22,449524.13,450683.81
8/10/20,466698.66,489682.25,466698.66,479024.22
8/7/20,418496.28,468346.31,418473.31,466698.66
8/6/20,406865.03,418806.06,406865.03,418496.28
8/5/20,399219.75,411237.88,399039.09,406865.03
8/4/20,386805.69,401210.72,386180.88,399219.75
8/3/20,374208.25,386805.69,374208.25,386805.69
7/31/20,363143.91,374859.88,361200.53,374208.25
7/30/20,353319.28,364299.94,353319.28,363143.91
7/29/20,351751.44,353613.19,351751.44,353319.28
7/28/20,350557.13,354326.63,350557.13,351751.44
7/27/20,352332.44,358450.97,349267.38,350557.13
7/23/20,335868.47,353160.03,335868.47,352332.44
7/22/20,326973.16,335868.47,326767.63,335868.47
7/21/20,324307.34,329764.75,323917.91,326973.16
7/20/20,319082.25,325952.47,319082.25,324307.34
7/17/20,317448.84,321324.13,317356.91,319082.25
7/16/20,316864.88,319076.75,316009.5,317448.84
7/15/20,316887.5,317750.06,310124.59,316864.88
7/14/20,320322.59,320989.69,315823.25,316887.5
7/13/20,333994.31,335742.22,319267.41,320322.59
7/10/20,323604.72,334878.41,319981.03,333994.31
7/9/20,328014.44,331258.34,318950.81,323604.72
7/8/20,333876.53,342020.72,326823.22,328014.44
7/7/20,305579.19,337932.34,305579.16,333876.53
7/6/20,301778.38,314129.94,301085.06,305579.16
7/3/20,313413.25,314870.28,301778.38,301778.38
7/2/20,317726,317726,313408.13,313413.25
7/1/20,321057.81,321109.69,317259.97,317726
6/30/20,315164.97,323529.19,313172.59,321057.81
6/26/20,312097.34,316880.59,312097.34,315164.97
6/25/20,325185.47,330508.13,311914.25,312097.34
6/23/20,320724.19,326809.13,320603.91,325185.47
6/22/20,321308.34,322106.19,320721.63,320724.19
6/19/20,323282.31,324063.78,310303.66,321308.34
6/18/20,322375.84,325463.06,322215,323282.31
6/17/20,325844.53,326386,321782.06,322375.84
6/16/20,330454.56,330884.31,324440.5,325844.53
6/12/20,328490.09,332398.75,327923.91,330454.56
6/11/20,329633.13,337643.31,326980.84,328490.09
6/10/20,332013.13,334346.81,328596.28,329633.13
6/9/20,337855.94,338872.34,330837.38,332013.13
6/8/20,344397.63,347445.75,337557.53,337855.94
6/5/20,346862.03,348611.72,343930.47,344397.63
6/4/20,346890.28,349735.19,346278.78,346862.03
6/3/20,343088.66,348049.5,343088.66,346890.28
6/2/20,330021.69,343088.66,329766.66,343088.66
6/1/20,324240,330517.84,323039.44,330021.69
5/29/20,323765.91,328689.75,323539.5,324240
5/28/20,303685.34,323765.91,302042.34,323765.91
5/27/20,297063.81,303685.34,295480.66,303685.34
5/26/20,306374.13,308537.72,294835.31,297063.81
5/22/20,297625.84,306374.25,297174.56,306374.13
5/21/20,300028.75,300585.78,296797.56,297625.84
5/20/20,298249.66,300803.22,298249.66,300028.75
5/19/20,295525.06,298867.81,295525.06,298249.66
5/18/20,293502.88,302837.69,293480.88,295525.06
5/15/20,288638.25,297922,288638.25,293502.88
5/14/20,312238.59,313352.91,288638.25,288638.25
5/13/20,324304.78,324735.81,305639.78,312238.59
5/12/20,326819.13,331944.53,324285.5,324304.78
5/11/20,327382.91,340503.06,326819.13,326819.13
5/8/20,316485.06,327925.72,316485.06,327382.91
5/7/20,309885.16,316562,309783.06,316485.06
5/6/20,303715.69,317643.97,303549.47,309885.16
5/5/20,297137.44,303786,296580.41,303715.69
5/4/20,289324.75,297988.03,286546.88,297137.44
4/30/20,284439.19,292493.81,284416.28,289324.75
4/29/20,279952.13,286075.84,279486.72,284439.19
4/28/20,282383.09,289019.22,279951.91,279952.13
4/27/20,286273.03,295613.84,282082.75,282383.09
4/24/20,293792.44,300100.25,286189.59,286273.03
4/23/20,274761.78,296985.59,274761.78,293792.44
4/22/20,255322.23,274761.78,255322.23,274761.78
4/21/20,247935.91,256540.84,247935.91,255322.23
4/20/20,230742.89,248339.73,230742.89,247935.91
4/17/20,241905.97,243339.67,230215.94,230742.89
4/16/20,248509.91,248509.91,241894.05,241894.17
4/13/20,191984.67,227597.09,191984.67,227597.09
4/8/20,164354.42,191984.67,164354.42,191984.67
4/7/20,150484.88,164354.42,150322.31,164354.42
4/6/20,133086.45,150484.88,133086.45,150484.88
4/3/20,127331.47,133967.86,123957.99,133086.45
4/2/20,117920.12,127457.94,117904.52,127331.47
4/1/20,105615.79,117920.12,105565.08,117920.12
3/31/20,101194.94,105641.02,101148.06,105615.79
3/30/20,88643.18,101194.94,88643.18,101194.94
3/27/20,88548.063,88643.18,86591.617,88643.18
3/26/20,89857.352,90018.141,86103.727,88548.063
3/25/20,90145.859,90428.703,88783.219,89857.352
3/24/20,92347.477,92347.477,87057.703,90145.859
3/23/20,98326.883,98384.828,92347.477,92347.477
3/20/20,101251.93,101251.93,98326.883,98326.883
3/18/20,104070.67,104092.7,99472.477,101251.93
3/17/20,103887.72,104652.3,103571,104070.67
3/16/20,105807.64,106227.45,103887.72,103887.72
3/13/20,105710.6,106005.75,105322.8,105807.64
3/12/20,103457.46,106964.99,103457.46,105710.6
3/11/20,104392.3,104815.23,103457.46,103457.46
3/10/20,103904.01,104392.3,102753.96,104392.3
3/9/20,108196.83,108206.97,102310.38,103906.3
3/6/20,104630.66,108196.83,104545.35,108196.83
3/5/20,104211.84,104945.11,103921.65,104630.66
3/4/20,103306.75,104211.84,102887.62,104211.84
3/3/20,104721.4,105304.55,103245.35,103306.75
3/2/20,108771.66,108772.81,104721.4,104721.4
2/27/20,111216.76,111228.89,107682.55,108292.73
2/26/20,118337.43,118337.43,111216.76,111216.76
2/21/20,118910.82,118910.82,116613.51,118337.43
2/20/20,121804.44,122300.1,117821.97,118910.82
2/19/20,124524.61,124721.42,121398.85,121804.44
2/18/20,127325.07,127558.3,120920.91,124524.61
2/17/20,123888.89,128059.47,123888.89,127325.07
2/14/20,126449.34,127905.16,123402.65,123888.89
2/13/20,128255.12,128658.18,126449.34,126449.34
2/12/20,129153.16,129518.63,128255.12,128255.12
2/11/20,128036.77,129235.92,128036.77,129153.16
2/10/20,127152.46,128923.41,126388.37,128036.77
2/7/20,127178.88,128374.34,126323.31,127152.46
2/6/20,125568.41,127178.88,124474.27,127178.88
2/5/20,125936.38,127016.75,125302.88,125568.41
2/4/20,127671.45,127688.69,125567.77,125936.38
2/3/20,129541.1,130819.13,126819.23,127671.45
1/31/20,121755.22,129895.41,121755.22,129541.1
1/30/20,110867.91,121755.22,110867.91,121755.22
1/29/20,102104.8,113629.77,100192.51,110867.91
1/28/20,108061.2,108061.2,102020.97,102104.8
1/27/20,108272.44,108297.74,106880.59,108061.2
1/24/20,116643.96,117170.6,108260.05,108272.44
1/23/20,118248.5,118941.59,116528.22,116643.96
1/22/20,118617.37,119352.27,115774.16,118248.5
1/21/20,122897.51,122897.78,115428.48,118617.38
1/16/20,124789.33,126858.69,124057.65,124068.72
1/15/20,121726.74,124789.33,121726.74,124789.33
1/14/20,123483.57,123937.41,121723.98,121726.74
1/13/20,119242.96,124679.38,119242.96,123483.57
1/9/20,107456.7,112358.92,107456.7,112346.45
1/8/20,101804.2,107456.98,101571.48,107456.7
1/7/20,98580.188,102927.89,98580.188,101804.2
1/3/20,93048.359,100128.18,93048.359,98580.188
1/2/20,90224.094,93547.547,89847.859,93048.359
12/30/19,83188.063,90509.563,82998.844,90224.094
12/27/19,80655.961,84388.672,80655.961,83188.063
12/26/19,79749.656,80669.992,79377.117,80655.961
12/23/19,79344.828,80805.453,77715.047,79749.656
12/20/19,71401.289,80649.023,71401.289,79344.828
12/19/19,63308.93,71401.289,63296.461,71401.289
12/18/19,60502.852,63496.539,60502.852,63308.93
12/17/19,62060.32,62593.02,60174.648,60502.852
12/16/19,62022.461,62554.73,61708.23,62060.32
12/13/19,61124.75,62449.781,60976.922,62022.461
12/11/19,66208.617,66830.047,61917.539,61917.539
12/10/19,67582.93,67582.93,66208.617,66208.617
12/9/19,70997.359,71003.422,67582.93,67582.93
12/6/19,70514.508,71035.031,70504.078,70997.359
12/5/19,71167.773,71392.602,70514.508,70514.508
12/4/19,70876.297,71452.977,70797.867,71167.773
12/3/19,70507.727,71499.367,70503.844,70876.297
12/2/19,69894.883,70534.789,69503.156,70507.727
11/29/19,65851.188,69971.594,65759.828,69894.883
11/28/19,64030.82,66364.641,64030.82,65851.188
11/27/19,60293.5,64581.051,60293.5,64030.82
11/26/19,61620.719,62795.23,59282.68,60293.5
11/25/19,61855.602,62090.031,60764.629,61620.719
11/22/19,60854.879,61855.602,60833.102,61855.602
11/20/19,61523.121,62173.422,61523.121,61699.102
11/19/19,60337.762,61772.191,60337.762,61523.121
11/18/19,59196.789,60406.828,59196.789,60337.762
11/15/19,59444.039,59937.09,56806.051,59196.789
11/14/19,60671.379,60671.379,59295.199,59444.039
11/13/19,58379.672,60790.809,58379.672,60671.379
11/12/19,57077.23,58578.922,57077.23,58379.672
11/11/19,53039.07,57077.23,53039.07,57077.23
11/8/19,51582.281,53039.07,51452.328,53039.07
11/7/19,48085.34,51582.281,48085.34,51582.281
11/6/19,48124.211,48909.16,48085.34,48085.34
11/5/19,47448.602,48445.391,47354.09,48124.211
11/1/19,47772.07,49690.66,47326.219,47448.602
10/30/19,50903.59,51478.809,50694.961,51203.09
10/29/19,48363.059,50927.07,48363.059,50903.59
10/28/19,48929,49670.77,48363.059,48363.059
10/25/19,48282.34,50513.75,48282.328,48929
10/23/19,45008.609,47374.059,45008.609,47219.16
10/22/19,46005.59,46040.5,44879.18,45008.609
10/21/19,46665.852,46958.891,45438.922,46005.59
10/18/19,49011.301,49165.762,46665.852,46665.852
10/17/19,50027.359,50027.359,49011.031,49011.301
10/16/19,51073.711,51108,49858.23,50027.359
10/15/19,51182.02,51473.699,50708.191,51073.711
10/14/19,51782.031,51782.031,51015.551,51182.02
10/11/19,52693.422,52803.57,51416.461,51782.031
10/10/19,52777.461,52867.34,52491.27,52693.422
10/9/19,50718.059,52777.461,50718.059,52777.461
10/8/19,49633.871,50718.059,49633.871,50718.059
10/7/19,49080.141,49706.68,48776.629,49633.871
10/4/19,47289.879,49824.699,47289.879,49080.141
10/3/19,47532.781,47636.871,47011.738,47289.879
10/2/19,48701.238,48750.57,46881.711,47532.781
10/1/19,48856.031,49133.68,48490.32,48701.238
9/30/19,50041.309,50100.34,48653.41,48856.031
9/27/19,50027.578,51042.77,49739.211,50041.309
9/26/19,50446.359,50485.121,49881.27,50027.578
9/25/19,50737.738,50762.25,49484.871,50446.359
9/24/19,52152.922,52242.09,50671.371,50737.738
9/23/19,50094.051,52153.609,50078.852,52152.922
9/20/19,48061.262,50107.039,47670.578,50094.051
9/19/19,50330.5,50486.379,47158.219,48061.262
9/18/19,53618.391,54585.609,50274.328,50330.5
9/17/19,55768.93,56621.34,53614.84,53618.391
9/13/19,59166.629,59361.809,55753.73,55768.93
9/12/19,60554.32,60981.289,58197.41,59166.629
9/11/19,61085.031,61582.23,60438.32,60554.32
9/10/19,60990.52,62026.691,60990.52,61085.031
9/9/19,61829.109,61896.809,60962.359,60990.52
9/6/19,62004.301,62435.891,61719.41,61829.109
9/5/19,55056.648,66458.156,55014.59,62004.301
9/4/19,56020.789,56739.199,55056.66,55056.66
9/3/19,56574.988,57121.551,55419.961,56020.789
9/2/19,55583.02,57457.359,55544.641,56574.988
8/30/19,52340.738,55583.02,51839.969,55583.02
8/29/19,49680.5,52843.031,49680.5,52340.738
8/28/19,48540.648,49700.039,48540.648,49680.5
8/27/19,45186.262,50633.141,45186.262,48540.648
8/26/19,45196.02,45638.102,45109,45186.262
8/23/19,45554.68,45656.059,44993.07,45196.02
8/22/19,44676.828,45920.75,44676.828,45554.68
8/21/19,44555.699,44750.148,44031.551,44676.828
8/20/19,43965.84,44606.738,43774.988,44555.699
8/16/19,43454.23,44309.02,43410.41,43965.84
8/14/19,42701.461,45158.961,42701.461,44573.02
8/13/19,41545.922,42751.32,41545.922,42701.461
8/12/19,40439.289,43131.012,40437.738,41545.922
8/9/19,36716.949,40452.922,36700.441,40439.289
8/8/19,36682.789,37573.051,36577.422,36716.949
8/7/19,35149.039,38306.309,35133.238,36682.789
8/6/19,30443.16,35171.16,30443.16,35149.039
8/5/19,28667.35,30443.16,28667.35,30443.16
8/2/19,26701.721,28965.061,26701.721,28667.35
8/1/19,25788.689,26709.369,25788.689,26701.721
7/31/19,25207.59,26152.279,25207.25,25788.689
7/30/19,24919.52,25207.881,24873.99,25207.59
7/29/19,25020.449,25096.26,24740.641,24919.52
7/26/19,24836.961,25276.869,24834.92,25020.449
7/25/19,24857.84,25087.91,24809.18,24836.961
7/22/19,24235.119,24869.83,24227.189,24857.84
7/19/19,24404.82,24420.9,24216.949,24235.119
7/18/19,24200,24521.311,24108.961,24404.82
7/17/19,21859.15,24291.641,21859.15,24200
7/16/19,20625.67,21945.221,20625.67,21859.15
7/15/19,20300.76,20753.18,20193.699,20625.67
7/12/19,19976.561,20341.949,19888.48,20300.76
7/11/19,19513.84,19976.561,19505.24,19976.561
7/10/19,19516.1,19617.609,19484.619,19513.84
7/9/19,19190.189,19655.9,19171.369,19516.1
7/8/19,19086.85,19311.881,18996.051,19190.189
7/3/19,18349.699,19077.119,18327.609,19077.119
7/2/19,18614.33,18681.23,18197.311,18349.699
7/1/19,18453.85,18628.52,18453.85,18614.33
6/28/19,17296.869,18556.07,17296.869,18453.85
6/27/19,16630.391,17324.301,16630.391,17296.869
6/26/19,16311.48,16648.43,16290.28,16630.391
6/25/19,16072.07,16314.92,16072.07,16311.48
6/21/19,15704.22,16083.05,15704.22,16072.07
6/19/19,15304.96,15617.49,15304.96,15547.91
6/18/19,15250.96,15434.47,15250.96,15304.96
6/14/19,14486.28,15250.96,14486.28,15250.96
6/12/19,13397.89,13746.42,13339.65,13746.42
6/11/19,13571.37,13585.99,13397.89,13397.89
6/10/19,14162.87,14191.95,13499.27,13571.37
6/7/19,14491.76,14583.6,14162.87,14162.87
6/6/19,14938.76,14948.16,14263.42,14491.76
6/5/19,15581.13,15581.13,14938.76,14938.76
6/4/19,15791.62,16005.99,15533.31,15581.13
5/31/19,15995.55,16026.35,15665.99,15791.62
5/29/19,15730.88,15851.13,15730.88,15842.46
5/28/19,15753.54,16061.75,15671.52,15730.88
5/27/19,15665.22,15843.15,15625.1,15753.54
5/24/19,15541.71,15704.33,15541.71,15665.22
5/23/19,15737.45,15765.44,15536.57,15541.71
5/22/19,16465.619,16570.221,15667.43,15737.45
5/21/19,17076.939,17106.061,16176.45,16465.619
5/20/19,16473.65,17092.289,16203.13,17076.939
5/17/19,16214.23,16473.65,16078.9,16473.65
5/16/19,15976.95,16245.81,15970.53,16214.23
5/15/19,16114.27,16345.46,15906.07,15976.95
5/14/19,16148.36,16257.02,16070.68,16114.27
5/13/19,16553.721,16802.43,16074.77,16148.36
5/10/19,15811.14,16649.52,15811.14,16553.721
5/9/19,15277.27,15877.84,15133,15811.14
5/8/19,14093.18,15277.27,14072.62,15277.27
5/7/19,15125.7,15125.7,14078.55,14093.18
5/6/19,16640.99,16844.039,15120.13,15125.7
5/3/19,16942.109,17119.609,16433.381,16640.99
5/2/19,17775.65,17961.51,16935.59,16942.109
4/29/19,17070.18,18251.721,17065.971,17775.65
4/26/19,15089.31,17070.18,15089.31,17070.18
4/25/19,14788.11,15089.76,14567.34,15089.31
4/24/19,14674,15524.7,14672.93,14788.11
4/23/19,11816.82,14684.67,11816.82,14674
4/22/19,10318.79,11982.76,10318.79,11816.82
4/12/19,9257.7002,10318.79,9253.3896,10318.79
4/11/19,8667.3398,9273.04,8647.8701,9257.7002
4/10/19,8494.0596,8698.9199,8419.79,8667.3398
4/9/19,8683.96,8770.2305,8487.2998,8494.0596
4/8/19,8833.8096,8884.75,8627.8301,8683.96
4/5/19,8597.5898,8834.0195,8597.5898,8833.8096
4/4/19,8554.7803,8993.21,8554.7803,8597.5898
4/3/19,8425.1904,8661.4502,8425.1904,8554.7803
4/2/19,8249.0703,8543.1201,8181.3501,8425.1904
4/1/19,8567.8896,8696.3896,8175.3501,8249.0703
3/29/19,8961.1504,9064.9902,8405.8896,8567.8896
3/25/19,9487.8096,9651.7402,8870.1299,8961.1504
3/22/19,9512.1504,9607.8701,9433.4199,9487.8096
3/21/19,9394.7998,9679.0303,9394.7998,9512.1504
3/20/19,8873.4404,9432.7305,8693.7305,9394.7998
3/18/19,8582.1299,8875.7598,8414.2695,8873.4404
3/15/19,8194.5898,8981.5801,8194.5898,8582.1299
3/14/19,9837.6396,9854.9199,7953.3799,8194.5898
3/7/19,10104.29,10240.02,9758.9697,9837.6396
3/6/19,10516.31,10802.75,9983.9199,10104.29
2/27/19,9085.4004,11100.49,9085.4004,10516.31
2/26/19,7839.1001,9085.4004,7839.1001,9085.4004
2/25/19,6966.75,7894.29,6868.5298,7839.1001
2/22/19,5596.29,6966.75,5551.2002,6966.75
2/21/19,5314.5098,5596.29,5314.5098,5596.29
2/20/19,5232.46,5355.6401,5203.29,5314.5098
2/19/19,5055.8799,5415.7002,5055.8799,5232.46
2/18/19,5056.9199,5122.9102,5016.4902,5055.8799
2/15/19,4640.2402,5056.9302,4616.52,5056.9199
2/14/19,4812.96,4812.96,4608.02,4640.2402
2/13/19,4998.6299,5251.3599,4792.6401,4812.96
2/12/19,5117.3398,5221.3101,4991.9902,4998.6299
2/11/19,5525.2402,5552.4102,5117.3398,5117.3398
2/8/19,5699.7998,5767.9902,5525.2402,5525.2402
2/7/19,5566.5801,5860.6699,5539.0601,5699.7998
2/6/19,5580.27,5735.8301,5566.5801,5566.5801
2/5/19,5100.23,5624.4102,5100.23,5580.27
2/4/19,5286.3999,5321.7798,5033.2798,5100.23
2/1/19,5436.77,5633.9302,5224.9199,5286.3999
1/31/19,5764.1299,5868.48,5436.77,5436.77
1/30/19,6147.3599,6147.3599,5686.52,5764.1299
1/29/19,6068.9102,6325.3398,6068.9102,6147.3599
1/28/19,5974.23,6105.8301,5929.8599,6068.9102
1/25/19,5827.6099,6041.6099,5827.6099,5974.23
1/24/19,5734.6802,5893.6602,5734.6802,5827.6099
1/23/19,5558.23,5743.27,5552.6201,5734.6802
1/22/19,5700.7402,5784.6099,5558.23,5558.23
1/21/19,5836.1499,5853.7598,5691.2402,5700.7402
1/18/19,5956.1099,5957.7598,5752.71,5836.1499
1/16/19,5972.3901,6354.1899,5972.3901,6189.5698
1/15/19,6023.0898,6350.4302,5972.3901,5972.3901
1/14/19,4384.79,6023.0898,4384.79,6023.0898
1/11/19,3331.6799,4384.79,3331.6799,4384.79
1/9/19,2623.78,2691.77,2623.78,2683.9099
1/8/19,2367.55,2642.29,2367.55,2623.78
1/7/19,1922.37,2431.1599,1922.37,2367.55
1/4/19,1682.51,1923.86,1677.21,1922.37
1/3/19,1621.11,1694.59,1621.11,1682.51
1/2/19,1605.26,1627.5601,1600.0601,1621.11